order_id,customer_id,product_id,category,price,quantity,order_date,shipping_date,delivery_status,payment_method,device_type,channel,shipping_address,customer_segment,total_amount,order_month,order_year,order_weekday,shipping_delay_days,month_sort,month_name
145f6e9c-2393-4fd4-a2ca-ea513dc7ae6e,13,376,Beauty,233.37,1,2024-06-17 14:59:58.897063,2024-06-18 14:59:58.897063,Shipped,Google Pay,Desktop,Paid Search,"9931 Romero Garden Suite 823, New Rachelshire, Wisconsin 52764",VIP,233.37,2024-06,2024,Monday,1.0,2024-06,Jun-2024
fabeee77-bb36-47f9-9bc9-310e66093daf,1223,601,Home,329.5,1,2024-04-22 14:59:58.897063,2024-04-26 14:59:58.897063,Delivered,Apple Pay,Tablet,Email,"029 Scott Passage Apt. 749, Davisville, Wisconsin 81784",VIP,329.5,2024-04,2024,Monday,4.0,2024-04,Apr-2024
49a1ae7a-ceea-42ce-a86d-b676bc2e086b,900,240,Books,371.66,3,2024-09-16 14:59:58.897063,2024-09-23 14:59:58.897063,Shipped,PayPal,Desktop,Organic,"5378 Green Locks, North Mollymouth, Florida 98089",Returning,1114.98,2024-09,2024,Monday,7.0,2024-09,Sep-2024
28128977-bdd1-40c4-a7cc-9a97fc1d84f7,97,168,Electronics,443.02,3,2025-03-20 14:59:58.897063,2025-03-26 14:59:58.897063,Delivered,Debit Card,Desktop,Organic,"813 Ashley Crossroad Suite 668, New Christineland, Florida 81607",Returning,1329.06,2025-03,2025,Thursday,6.0,2025-03,Mar-2025
a1a93ce7-c99c-42b0-85f1-db31cc40ff84,1636,455,Electronics,38.31,1,2024-12-25 14:59:58.897063,2025-01-01 14:59:58.897063,Shipped,Credit Card,Desktop,Organic,"1653 William Brooks, South Jerrystad, Idaho 96686",VIP,38.31,2024-12,2024,Wednesday,7.0,2024-12,Dec-2024
4df4aefb-6b9b-4f45-bcd2-c8273394be21,1542,194,Beauty,40.97,1,2024-06-10 14:59:58.897063,2024-06-17 14:59:58.897063,Shipped,Apple Pay,Mobile,Social,"47890 Jacqueline Motorway, Chambersville, New York 91223",VIP,40.97,2024-06,2024,Monday,7.0,2024-06,Jun-2024
1b096207-70cd-41f6-bd53-326afcb412cd,1009,305,Electronics,310.61,1,2024-10-30 14:59:58.897063,2024-11-01 14:59:58.897063,Delivered,PayPal,Desktop,Paid Search,"81366 Petersen Island, West Robertchester, Nebraska 27936",Returning,310.61,2024-10,2024,Wednesday,2.0,2024-10,Oct-2024
49a5d4eb-366b-4f00-b696-af827717386f,594,186,Electronics,12.28,1,2024-09-04 14:59:58.897063,2024-09-09 14:59:58.897063,Delivered,Google Pay,Desktop,Organic,"23918 Bruce Island Suite 298, East Leslieton, Delaware 96092",Returning,12.28,2024-09,2024,Wednesday,5.0,2024-09,Sep-2024
246d6014-1d9e-4049-92d7-4bd1db6cb2bc,1,436,Electronics,377.88,1,2024-06-18 14:59:58.897063,2024-06-24 14:59:58.897063,Delivered,Credit Card,Mobile,Email,"1019 Elizabeth Course, South Elizabeth, Minnesota 75403",VIP,377.88,2024-06,2024,Tuesday,6.0,2024-06,Jun-2024
e0108b35-2635-48bb-b2e5-a986d97593b1,1282,331,Beauty,381.59,2,2024-06-25 14:59:58.897063,2024-07-02 14:59:58.897063,Delivered,PayPal,Desktop,Organic,"504 Jasmine Grove, Lake Evan, South Dakota 68129",Returning,763.18,2024-06,2024,Tuesday,7.0,2024-06,Jun-2024
27432013-bec8-4406-b739-c5b13796c3e2,2422,610,Books,128.86,1,2024-04-20 14:59:58.897063,2024-04-25 14:59:58.897063,Delivered,Credit Card,Desktop,Email,"120 Johnson Port Suite 274, Tinaport, Arizona 64536",Returning,128.86,2024-04,2024,Saturday,5.0,2024-04,Apr-2024
f55e7608-f8df-4e89-8ccc-8cbbf433186d,784,947,Clothing,265.69,3,2024-11-13 14:59:58.897063,2024-11-16 14:59:58.897063,Delivered,Debit Card,Mobile,Paid Search,"25003 Lisa Trail Apt. 984, North Michaelburgh, Utah 63553",VIP,797.0699999999999,2024-11,2024,Wednesday,3.0,2024-11,Nov-2024
aff167df-e700-4dfb-8cef-8e79e7e4652d,971,203,Toys,293.41,2,2024-12-07 14:59:58.897063,2024-12-14 14:59:58.897063,Shipped,Google Pay,Tablet,Paid Search,"480 Buckley Drives Apt. 432, North David, Indiana 83171",Returning,586.82,2024-12,2024,Saturday,7.0,2024-12,Dec-2024
6330f390-2a15-4540-9ef4-2687c98ad98d,2946,36,Home,44.78,1,2024-10-15 14:59:58.897063,2024-10-16 14:59:58.897063,Delivered,Apple Pay,Tablet,Paid Search,"258 Lawrence Ways Suite 583, Cainfurt, Massachusetts 26228",New,44.78,2024-10,2024,Tuesday,1.0,2024-10,Oct-2024
aad953c4-f832-45b0-83f0-4f7f32e4070d,139,302,Toys,420.43,2,2024-10-07 14:59:58.897063,2024-10-09 14:59:58.897063,Shipped,Apple Pay,Tablet,Paid Search,"06198 James Village Apt. 551, Englishport, West Virginia 39511",VIP,840.86,2024-10,2024,Monday,2.0,2024-10,Oct-2024
18c738da-6b99-4e81-9612-08440b64655c,744,467,Electronics,429.24,3,2025-01-13 14:59:58.897063,2025-01-17 14:59:58.897063,Delivered,Google Pay,Tablet,Paid Search,"1671 Bell Center, South Jessicaville, Utah 41158",VIP,1287.72,2025-01,2025,Monday,4.0,2025-01,Jan-2025
40dfeb1e-1475-47c5-a11a-f70862b631e5,5,707,Clothing,88.33,1,2025-04-10 14:59:58.897063,2025-04-17 14:59:58.897063,Delivered,Apple Pay,Desktop,Paid Search,"04925 Conway Lake Apt. 835, Matthewside, Iowa 41051",VIP,88.33,2025-04,2025,Thursday,7.0,2025-04,Apr-2025
26412f70-3ee9-4dd4-95b1-ebad8842c2db,461,551,Home,241.05,1,2025-04-13 14:59:58.897063,2025-04-16 14:59:58.897063,Delivered,Apple Pay,Mobile,Social,"234 Keith Village Suite 862, New Jeffreyborough, Minnesota 15495",VIP,241.05,2025-04,2025,Sunday,3.0,2025-04,Apr-2025
9a9fa59f-2518-4434-bb04-2d95fed4e8cc,1355,848,Electronics,244.31,1,2024-08-18 14:59:58.897063,2024-08-22 14:59:58.897063,Shipped,PayPal,Tablet,Email,"01463 Hamilton Corners Apt. 238, Edwinville, Kentucky 76465",Returning,244.31,2024-08,2024,Sunday,4.0,2024-08,Aug-2024
188355c5-19a7-474f-b853-03249937b634,133,762,Toys,473.57,3,2025-03-03 14:59:58.897063,2025-03-04 14:59:58.897063,Delivered,Google Pay,Desktop,Paid Search,"2092 Wright Shore, Lake Joseph, West Virginia 09692",VIP,1420.71,2025-03,2025,Monday,1.0,2025-03,Mar-2025
a0d15f45-d436-4e36-872e-5db2830a545c,43,491,Books,78.37,1,2025-04-09 14:59:58.897063,2025-04-15 14:59:58.897063,Delivered,PayPal,Tablet,Paid Search,"886 Hensley Brooks, Port Jasonland, Pennsylvania 45148",VIP,78.37,2025-04,2025,Wednesday,6.0,2025-04,Apr-2025
446a18c0-f2da-411f-af9d-e66129d465c6,1865,898,Electronics,11.35,1,2024-12-01 14:59:58.897063,2024-12-03 14:59:58.897063,Delivered,Debit Card,Mobile,Email,"4314 Ashley Mills, Riverafort, New Jersey 27206",VIP,11.35,2024-12,2024,Sunday,2.0,2024-12,Dec-2024
59db4312-2260-4c41-9ddd-213574b55731,1723,894,Books,163.99,1,2024-12-16 14:59:58.897063,2024-12-20 14:59:58.897063,Shipped,Apple Pay,Mobile,Organic,"0676 Cory Gardens, New Malikberg, Vermont 01694",Returning,163.99,2024-12,2024,Monday,4.0,2024-12,Dec-2024
a39e00ef-f25d-484d-9ad9-b17e8ad8405d,1277,86,Home,6.84,1,2024-07-06 14:59:58.897063,2024-07-07 14:59:58.897063,Shipped,Debit Card,Tablet,Email,"05756 Adam Unions Apt. 064, Port Paulamouth, New York 87252",Returning,6.84,2024-07,2024,Saturday,1.0,2024-07,Jul-2024
73b9d8dc-5fcf-4615-a92c-4730be431551,2,108,Toys,230.18,1,2024-08-20 14:59:58.897063,2024-08-22 14:59:58.897063,Delivered,PayPal,Tablet,Email,"4239 Gonzalez Extensions Apt. 074, New Nicolehaven, Idaho 88846",VIP,230.18,2024-08,2024,Tuesday,2.0,2024-08,Aug-2024
7e6ff459-5664-4da8-a773-38cc3ffef92c,578,316,Clothing,311.15,3,2025-03-29 14:59:58.897063,2025-04-02 14:59:58.897063,Delivered,Debit Card,Desktop,Paid Search,"90139 Leblanc Manor Suite 879, Phillipshire, Alaska 06337",Returning,933.4499999999999,2025-03,2025,Saturday,4.0,2025-03,Mar-2025
500a7e4c-3164-41e0-9725-2ec5d085c175,44,542,Home,330.16,4,2024-11-25 14:59:58.897063,2024-11-26 14:59:58.897063,Delivered,Credit Card,Desktop,Organic,"244 Henderson Rapids Apt. 435, West Rebeccahaven, Arizona 00563",VIP,1320.64,2024-11,2024,Monday,1.0,2024-11,Nov-2024
632a91e4-4641-4af3-87e6-22ff61eafdd4,592,642,Electronics,261.95,3,2024-10-13 14:59:58.897063,2024-10-15 14:59:58.897063,Delivered,Google Pay,Mobile,Paid Search,"8393 Ramos Street, Popeborough, Idaho 68760",VIP,785.8499999999999,2024-10,2024,Sunday,2.0,2024-10,Oct-2024
625902a6-6438-4945-bc6d-531f3c2514c0,986,813,Toys,99.46,3,2024-06-03 14:59:58.897063,2024-06-07 14:59:58.897063,Delivered,PayPal,Desktop,Social,"8811 Torres Haven, Amandaport, California 60373",New,298.38,2024-06,2024,Monday,4.0,2024-06,Jun-2024
87fc790e-3474-4872-8513-7a03cbbced45,537,390,Books,173.02,2,2024-06-22 14:59:58.897063,2024-06-25 14:59:58.897063,Returned,PayPal,Tablet,Social,"915 Michael Estate, Lake Sabrina, Washington 29122",VIP,346.04,2024-06,2024,Saturday,3.0,2024-06,Jun-2024
46b59f49-7476-45fa-b3ce-a406cca93551,160,906,Electronics,357.5,3,2024-10-30 14:59:58.897063,2024-11-02 14:59:58.897063,Delivered,Debit Card,Tablet,Social,"3849 Kelly Forges, Jessicaport, Illinois 97658",VIP,1072.5,2024-10,2024,Wednesday,3.0,2024-10,Oct-2024
6716ae32-c420-4a84-b676-0ac8054a7114,118,571,Home,259.68,5,2025-04-12 14:59:58.897063,2025-04-19 14:59:58.897063,Delivered,Google Pay,Tablet,Social,"2922 King Passage Suite 808, Port Diana, Wisconsin 08186",VIP,1298.4,2025-04,2025,Saturday,7.0,2025-04,Apr-2025
326f1cbd-6c30-4583-aa4e-e05b4a7c4e02,590,576,Books,9.0,3,2024-12-27 14:59:58.897063,2025-01-02 14:59:58.897063,Delivered,Apple Pay,Tablet,Organic,"09125 Helen Road Apt. 198, Lake Glenda, New Hampshire 78380",VIP,27.0,2024-12,2024,Friday,6.0,2024-12,Dec-2024
1b235bdd-265c-4b89-9b9f-cb5e60fe52ae,5,563,Electronics,454.56,4,2024-05-18 14:59:58.897063,2024-05-25 14:59:58.897063,Shipped,Credit Card,Mobile,Social,"004 Kevin Trail, West Johnport, Nebraska 00745",VIP,1818.24,2024-05,2024,Saturday,7.0,2024-05,May-2024
8aa6ce20-96f9-45be-ab46-d5d3da9061cb,17,67,Clothing,398.22,1,2025-01-30 14:59:58.897063,2025-02-03 14:59:58.897063,Delivered,Debit Card,Desktop,Paid Search,"4120 Sparks Shoals Suite 866, Port Amanda, Massachusetts 88256",VIP,398.22,2025-01,2025,Thursday,4.0,2025-01,Jan-2025
6fe41828-5921-4771-9e28-e776c3697417,623,371,Electronics,92.67,1,2024-11-13 14:59:58.897063,2024-11-14 14:59:58.897063,Delivered,PayPal,Desktop,Paid Search,"23681 Ann Corners Apt. 852, Ericland, Arkansas 86921",Returning,92.67,2024-11,2024,Wednesday,1.0,2024-11,Nov-2024
12d02ce6-32aa-4369-b671-58ba7b0cdf6f,454,831,Toys,249.41,3,2024-05-10 14:59:58.897063,2024-05-16 14:59:58.897063,Pending,PayPal,Desktop,Social,"542 Russell Underpass, West Marieview, Texas 04228",VIP,748.23,2024-05,2024,Friday,6.0,2024-05,May-2024
b7b93de0-4d6d-4cbd-8674-c97ac30459ad,167,183,Home,46.1,1,2024-06-15 14:59:58.897063,2024-06-22 14:59:58.897063,Delivered,Debit Card,Tablet,Organic,"887 Silva Mission, Muellerfurt, Colorado 03982",VIP,46.1,2024-06,2024,Saturday,7.0,2024-06,Jun-2024
8f788d7f-3466-4bcd-ba87-4e22a149676f,108,682,Toys,102.09,2,2025-01-12 14:59:58.897063,2025-01-15 14:59:58.897063,Delivered,Debit Card,Tablet,Organic,"25914 Lori Wall, South Gabriel, Rhode Island 47874",VIP,204.18,2025-01,2025,Sunday,3.0,2025-01,Jan-2025
eab09c32-8e42-4cfa-8e38-cb77292c3f2d,600,941,Home,107.29,1,2024-07-15 14:59:58.897063,2024-07-22 14:59:58.897063,Delivered,Debit Card,Mobile,Organic,"638 John Creek Apt. 952, Port Victoria, Indiana 39478",Returning,107.29,2024-07,2024,Monday,7.0,2024-07,Jul-2024
0099c85b-5b5b-4815-9281-51144991d4c7,1092,96,Toys,75.82,2,2024-11-30 14:59:58.897063,2024-12-05 14:59:58.897063,Delivered,Credit Card,Desktop,Email,"3275 Carroll Light, Mitchellmouth, Georgia 35433",Returning,151.64,2024-11,2024,Saturday,5.0,2024-11,Nov-2024
7520ecbc-6891-44a2-a2db-a00af1db0413,2927,264,Beauty,58.03,1,2024-09-11 14:59:58.897063,2024-09-13 14:59:58.897063,Shipped,Apple Pay,Desktop,Organic,"328 Serrano Points Apt. 093, Lisaberg, Minnesota 36156",VIP,58.03,2024-09,2024,Wednesday,2.0,2024-09,Sep-2024
ec7c8c93-8f1e-481e-a35d-0c2570e7148c,158,871,Toys,393.82,1,2025-04-19 14:59:58.897063,2025-04-25 14:59:58.897063,Delivered,Apple Pay,Tablet,Organic,"8399 Quinn Shore Apt. 932, South Nathaniel, North Dakota 13212",VIP,393.82,2025-04,2025,Saturday,6.0,2025-04,Apr-2025
26a4d813-3053-4280-851e-ba6f98ac457e,1716,895,Beauty,53.59,2,2024-09-15 14:59:58.897063,2024-09-19 14:59:58.897063,Shipped,Debit Card,Mobile,Social,"24358 Turner Spring, East Jasonbury, Idaho 79410",Returning,107.18,2024-09,2024,Sunday,4.0,2024-09,Sep-2024
15106ca8-cdcd-4b0d-9db8-f1664ae1a3b6,1872,756,Home,460.97,1,2025-04-19 14:59:58.897063,2025-04-23 14:59:58.897063,Delivered,PayPal,Tablet,Organic,"07393 Michael Cove, Port Christopher, Ohio 65533",VIP,460.97,2025-04,2025,Saturday,4.0,2025-04,Apr-2025
33d2a7b2-efd5-4299-86c0-bafcc5dabb91,642,245,Toys,340.4,4,2024-10-19 14:59:58.897063,2024-10-23 14:59:58.897063,Delivered,Google Pay,Tablet,Organic,"402 Estrada Mountains Apt. 868, Kimberlystad, West Virginia 33224",VIP,1361.6,2024-10,2024,Saturday,4.0,2024-10,Oct-2024
61be54bb-f3de-49c1-a7ee-b6bf864e5a48,1430,85,Beauty,374.79,1,2024-07-02 14:59:58.897063,2024-07-06 14:59:58.897063,Delivered,Google Pay,Desktop,Social,"999 Marshall Prairie Apt. 348, North Dominique, North Carolina 19604",Returning,374.79,2024-07,2024,Tuesday,4.0,2024-07,Jul-2024
644535a2-0f17-4f02-bdc7-b2a0a46ec8ec,1283,71,Beauty,443.18,2,2024-07-07 14:59:58.897063,2024-07-11 14:59:58.897063,Shipped,Debit Card,Mobile,Email,"363 Greene Islands, Jenniferville, California 25572",Returning,886.36,2024-07,2024,Sunday,4.0,2024-07,Jul-2024
47ba2d29-0912-4d31-9b0f-4d63b081446f,457,625,Beauty,288.72,1,2024-10-17 14:59:58.897063,2024-10-24 14:59:58.897063,Delivered,Debit Card,Mobile,Organic,"31500 Diaz Glen Apt. 809, East Leslieton, Pennsylvania 73918",Returning,288.72,2024-10,2024,Thursday,7.0,2024-10,Oct-2024
6df2ed80-0d2a-45f1-b31d-f562240bfd7e,324,39,Toys,265.6,1,2024-10-15 14:59:58.897063,2024-10-20 14:59:58.897063,Delivered,PayPal,Desktop,Social,"259 Jarvis Expressway, North Juliehaven, Illinois 27588",Returning,265.6,2024-10,2024,Tuesday,5.0,2024-10,Oct-2024
aa2c14bd-88df-4671-9e53-75d676f88753,1121,308,Electronics,189.8,2,2024-10-23 14:59:58.897063,2024-10-27 14:59:58.897063,Delivered,PayPal,Mobile,Social,"69282 Hughes Shore, Port Elizabeth, Tennessee 99652",Returning,379.6,2024-10,2024,Wednesday,4.0,2024-10,Oct-2024
887adcb7-992c-47db-872d-4a24932adc9f,659,460,Electronics,48.83,1,2024-05-18 14:59:58.897063,2024-05-23 14:59:58.897063,Delivered,Debit Card,Tablet,Organic,"2425 Hess Roads Apt. 429, Lake Michaelbury, Arkansas 43353",VIP,48.83,2024-05,2024,Saturday,5.0,2024-05,May-2024
5716f70b-b00d-45f2-a830-07ea2fab15d5,1140,903,Clothing,33.06,2,2025-02-21 14:59:58.897063,2025-02-25 14:59:58.897063,Pending,Apple Pay,Mobile,Paid Search,"7288 Nelson Station, Port Briannafurt, Maine 49515",Returning,66.12,2025-02,2025,Friday,4.0,2025-02,Feb-2025
cb3a1383-e109-445b-bf64-e9a675c25e6e,2575,708,Toys,389.51,2,2024-11-26 14:59:58.897063,2024-11-30 14:59:58.897063,Delivered,Credit Card,Mobile,Organic,"1821 Roger Branch, Caldwellchester, Nevada 00774",Returning,779.02,2024-11,2024,Tuesday,4.0,2024-11,Nov-2024
7e4fe71d-78ef-43e3-9ea7-f5fe0321c884,548,789,Beauty,20.6,1,2024-11-28 14:59:58.897063,2024-12-01 14:59:58.897063,Returned,Apple Pay,Desktop,Email,"0802 Benjamin Lodge Apt. 715, North Jameschester, Utah 69508",VIP,20.6,2024-11,2024,Thursday,3.0,2024-11,Nov-2024
7b151c90-08e7-4bad-811d-370869568c7a,125,653,Beauty,180.57,2,2024-09-28 14:59:58.897063,2024-10-03 14:59:58.897063,Shipped,Google Pay,Desktop,Paid Search,"7929 Daniel Mountains, Ryanshire, Alaska 79757",VIP,361.14,2024-09,2024,Saturday,5.0,2024-09,Sep-2024
faa3b468-c794-4b14-8911-67dfc95da9ed,336,208,Beauty,400.16,1,2024-06-27 14:59:58.897063,2024-07-03 14:59:58.897063,Delivered,Google Pay,Desktop,Organic,"2966 Brittany Villages Suite 742, Sanchezmouth, Washington 58528",Returning,400.16,2024-06,2024,Thursday,6.0,2024-06,Jun-2024
e084efe5-9a49-41bc-a4f4-bb92823a5b6a,43,921,Home,438.95,1,2025-03-13 14:59:58.897063,2025-03-14 14:59:58.897063,Delivered,Credit Card,Mobile,Organic,"5196 Sanders Spur Suite 366, Christinachester, Indiana 56746",VIP,438.95,2025-03,2025,Thursday,1.0,2025-03,Mar-2025
3d7e650a-f640-4907-b6db-bd4628a9a19d,888,362,Electronics,327.29,1,2024-09-21 14:59:58.897063,2024-09-25 14:59:58.897063,Shipped,Debit Card,Mobile,Paid Search,"6324 Jason Extension, Raymondchester, South Dakota 56580",VIP,327.29,2024-09,2024,Saturday,4.0,2024-09,Sep-2024
0541bcbc-1af7-4ef4-b6b6-3f06ea153ccd,84,103,Beauty,204.77,1,2025-02-20 14:59:58.897063,2025-02-25 14:59:58.897063,Delivered,Debit Card,Tablet,Organic,"629 Gardner Parkway Suite 785, Port Stevenland, Florida 62671",VIP,204.77,2025-02,2025,Thursday,5.0,2025-02,Feb-2025
f04c85b2-c0ce-4438-8165-2f8badf34f42,234,688,Electronics,132.71,1,2024-05-19 14:59:58.897063,2024-05-23 14:59:58.897063,Delivered,Google Pay,Desktop,Email,"126 Ryan Viaduct, Williamsbury, Washington 72321",VIP,132.71,2024-05,2024,Sunday,4.0,2024-05,May-2024
5eaf8e31-d595-45e5-8dab-5fcba863ac6a,2554,313,Toys,243.89,2,2024-08-08 14:59:58.897063,2024-08-10 14:59:58.897063,Delivered,PayPal,Mobile,Social,"492 Mendoza Crescent Suite 910, New Amanda, New York 12182",Returning,487.78,2024-08,2024,Thursday,2.0,2024-08,Aug-2024
fd3e00be-f413-4a25-afde-c734f2b5eba4,526,577,Clothing,245.11,2,2025-04-04 14:59:58.897063,2025-04-06 14:59:58.897063,Delivered,Google Pay,Mobile,Paid Search,"93323 Patrick Fort Apt. 237, New Matthewland, South Carolina 08838",Returning,490.22,2025-04,2025,Friday,2.0,2025-04,Apr-2025
0ca6a822-a68c-4c36-9c4c-db04278677eb,1940,77,Home,213.46,2,2025-02-18 14:59:58.897063,2025-02-19 14:59:58.897063,Delivered,Debit Card,Desktop,Paid Search,"4887 Brandon Springs Suite 483, Edwardberg, Maryland 30541",VIP,426.92,2025-02,2025,Tuesday,1.0,2025-02,Feb-2025
4199990f-a181-4e3f-9105-75b46e0ca61b,811,205,Clothing,364.17,1,2025-04-17 14:59:58.897063,2025-04-19 14:59:58.897063,Shipped,PayPal,Tablet,Paid Search,"106 Medina Rue Apt. 984, South Thomasland, Pennsylvania 49071",Returning,364.17,2025-04,2025,Thursday,2.0,2025-04,Apr-2025
e3107393-25ca-47f8-bbaf-d792787bb164,469,768,Electronics,103.68,1,2024-05-26 14:59:58.897063,2024-05-30 14:59:58.897063,Delivered,PayPal,Desktop,Organic,"28787 Rose Crest Apt. 842, East Heather, Rhode Island 75740",VIP,103.68,2024-05,2024,Sunday,4.0,2024-05,May-2024
fb400c8f-95d3-485f-bc85-3af9d6c669b3,2331,129,Home,412.57,1,2024-10-19 14:59:58.897063,2024-10-26 14:59:58.897063,Delivered,Debit Card,Desktop,Email,"7815 Kari Gardens, Sarahfort, Vermont 07135",Returning,412.57,2024-10,2024,Saturday,7.0,2024-10,Oct-2024
d4cd2070-0e29-4d86-bd23-4f4345d259bc,157,854,Toys,357.52,5,2024-06-02 14:59:58.897063,2024-06-08 14:59:58.897063,Delivered,Debit Card,Tablet,Paid Search,"62910 Burton Motorway, New Kimberly, Iowa 57293",VIP,1787.6,2024-06,2024,Sunday,6.0,2024-06,Jun-2024
703fdca8-d282-4661-b773-822d2f0d3840,1,179,Electronics,189.17,4,2024-07-15 14:59:58.897063,2024-07-17 14:59:58.897063,Delivered,Apple Pay,Mobile,Social,"74500 James Common, Christopherchester, Kansas 71728",VIP,756.68,2024-07,2024,Monday,2.0,2024-07,Jul-2024
9c7d4848-e034-47d1-83d9-24679124b487,466,691,Books,302.92,1,2024-04-27 14:59:58.897063,2024-04-30 14:59:58.897063,Delivered,PayPal,Tablet,Organic,"83272 Jeffery Island, Port Philipside, Kansas 93384",New,302.92,2024-04,2024,Saturday,3.0,2024-04,Apr-2024
cc7b8db4-cc1c-499e-9f18-c996c56b523a,192,394,Books,104.68,4,2024-08-26 14:59:58.897063,2024-09-01 14:59:58.897063,Delivered,PayPal,Mobile,Paid Search,"46774 James Corners Apt. 743, West Michael, North Carolina 65792",Returning,418.72,2024-08,2024,Monday,6.0,2024-08,Aug-2024
95355020-41b0-4691-b1a9-d3745328e894,4,820,Electronics,221.83,1,2024-09-01 14:59:58.897063,2024-09-06 14:59:58.897063,Returned,Debit Card,Mobile,Email,"29897 Johnson Loop, Krystalburgh, South Carolina 34131",VIP,221.83,2024-09,2024,Sunday,5.0,2024-09,Sep-2024
d617ad4f-40c7-4cb4-b390-eaa43cb61317,454,186,Toys,184.8,1,2025-03-20 14:59:58.897063,2025-03-23 14:59:58.897063,Delivered,Credit Card,Tablet,Social,"9673 Brown Inlet, Dennisbury, Kansas 57708",VIP,184.8,2025-03,2025,Thursday,3.0,2025-03,Mar-2025
1b361b83-a60b-4aa8-888d-ccd50b3a9726,2834,462,Home,152.77,5,2024-07-26 14:59:58.897063,2024-07-27 14:59:58.897063,Delivered,Apple Pay,Desktop,Paid Search,"8315 Baxter Mall Suite 119, Neilville, Virginia 70754",Returning,763.85,2024-07,2024,Friday,1.0,2024-07,Jul-2024
23ac867c-814a-49e2-ac3b-9fcde75c9ba9,286,688,Home,308.78,2,2025-02-01 14:59:58.897063,2025-02-07 14:59:58.897063,Delivered,Google Pay,Desktop,Social,"527 Chad Land Suite 475, Lake Gregory, Kansas 89051",VIP,617.56,2025-02,2025,Saturday,6.0,2025-02,Feb-2025
eac3d0c8-baea-40c0-b4fd-29d211047e09,204,418,Toys,144.68,4,2025-01-21 14:59:58.897063,2025-01-25 14:59:58.897063,Delivered,Debit Card,Mobile,Social,"1605 Lori Ways, Georgeburgh, Hawaii 43458",VIP,578.72,2025-01,2025,Tuesday,4.0,2025-01,Jan-2025
dff2de18-18f5-464a-9517-0a2af9eb141c,407,333,Beauty,216.99,1,2024-07-20 14:59:58.897063,2024-07-21 14:59:58.897063,Delivered,Apple Pay,Tablet,Email,"80711 Robert Pike, North Ronaldton, Idaho 65568",Returning,216.99,2024-07,2024,Saturday,1.0,2024-07,Jul-2024
9bfe359b-1b30-4bbe-9f44-0e38ecc6ba46,1947,585,Beauty,274.13,4,2025-01-16 14:59:58.897063,2025-01-22 14:59:58.897063,Delivered,Apple Pay,Desktop,Paid Search,"388 Gibson Groves, North Rachel, Mississippi 58628",Returning,1096.52,2025-01,2025,Thursday,6.0,2025-01,Jan-2025
835a87e0-f07c-44f9-ad89-9fc84da98eb3,1266,853,Toys,313.21,2,2025-04-08 14:59:58.897063,2025-04-15 14:59:58.897063,Delivered,Debit Card,Mobile,Paid Search,"8100 Todd Mount, West Susan, Delaware 63987",Returning,626.42,2025-04,2025,Tuesday,7.0,2025-04,Apr-2025
233ea21f-4948-4d49-b4a8-cce9929ee3f4,1,71,Books,53.49,4,2024-08-18 14:59:58.897063,2024-08-20 14:59:58.897063,Delivered,Credit Card,Mobile,Organic,"07027 Sanchez Mission, East Tiffany, Kentucky 94822",VIP,213.96,2024-08,2024,Sunday,2.0,2024-08,Aug-2024
397a88a9-e696-41d4-885e-b87690ec175a,57,174,Toys,70.11,1,2024-05-21 14:59:58.897063,2024-05-22 14:59:58.897063,Shipped,Apple Pay,Mobile,Email,"54780 Kimberly Drive, Derekberg, Nevada 68756",VIP,70.11,2024-05,2024,Tuesday,1.0,2024-05,May-2024
133d1546-44e6-4a5e-9ad7-7f92a61c90db,1,933,Electronics,372.78,1,2024-07-04 14:59:58.897063,2024-07-06 14:59:58.897063,Delivered,Google Pay,Mobile,Paid Search,"277 Taylor Parkway, New Andreside, Georgia 14413",VIP,372.78,2024-07,2024,Thursday,2.0,2024-07,Jul-2024
aedf50f3-7ae2-464a-8a6b-2352821b6581,389,624,Electronics,46.62,2,2024-10-26 14:59:58.897063,2024-10-30 14:59:58.897063,Shipped,PayPal,Desktop,Paid Search,"4739 Thompson Camp Suite 163, Jonesmouth, Massachusetts 08656",VIP,93.24,2024-10,2024,Saturday,4.0,2024-10,Oct-2024
4457de8d-4021-4846-89a6-b6b3496f116a,1420,391,Beauty,464.35,3,2024-05-07 14:59:58.897063,2024-05-08 14:59:58.897063,Shipped,Google Pay,Mobile,Social,"38264 Olsen Radial Suite 717, South Danielburgh, Florida 82803",Returning,1393.0500000000002,2024-05,2024,Tuesday,1.0,2024-05,May-2024
7c925e52-5e66-4def-8661-ea0285124efe,1036,223,Books,83.54,1,2025-03-18 14:59:58.897063,2025-03-22 14:59:58.897063,Delivered,Apple Pay,Tablet,Paid Search,"586 Miller Mountains Apt. 652, New Wendy, Hawaii 73477",VIP,83.54,2025-03,2025,Tuesday,4.0,2025-03,Mar-2025
218c872f-74d1-435f-9e7d-59b122dc15a4,989,775,Books,416.59,1,2025-02-20 14:59:58.897063,2025-02-24 14:59:58.897063,Delivered,Credit Card,Mobile,Email,"0649 Tran Highway Suite 162, Donnachester, Maryland 95551",Returning,416.59,2025-02,2025,Thursday,4.0,2025-02,Feb-2025
85e4307a-9538-4665-9231-f2cb277faf76,151,262,Toys,335.33,5,2024-07-12 14:59:58.897063,2024-07-18 14:59:58.897063,Delivered,Apple Pay,Desktop,Paid Search,"119 Dominique Ville, New Todd, Ohio 13616",VIP,1676.6499999999999,2024-07,2024,Friday,6.0,2024-07,Jul-2024
bafbeb18-5f4b-429d-b880-84652eec70ff,1109,571,Toys,269.35,1,2024-08-22 14:59:58.897063,2024-08-26 14:59:58.897063,Delivered,Apple Pay,Desktop,Organic,"219 Contreras Forges, Geraldton, Indiana 90501",Returning,269.35,2024-08,2024,Thursday,4.0,2024-08,Aug-2024
72f2bb63-ad06-4d3b-9d58-7523d94fe48c,2562,141,Beauty,8.98,2,2024-09-29 14:59:58.897063,2024-10-02 14:59:58.897063,Delivered,Debit Card,Tablet,Organic,"56397 Pham Station, East Holly, Maryland 38220",Returning,17.96,2024-09,2024,Sunday,3.0,2024-09,Sep-2024
9d6f4d20-2639-4f91-971b-c0b73babb329,12,507,Books,89.56,1,2024-11-10 14:59:58.897063,2024-11-15 14:59:58.897063,Shipped,Credit Card,Tablet,Organic,"796 Smith Shoals, Port Taylor, Mississippi 92721",VIP,89.56,2024-11,2024,Sunday,5.0,2024-11,Nov-2024
5a0c68ad-97e5-4b11-9363-4b99cad49be0,805,343,Beauty,165.13,2,2024-09-05 14:59:58.897063,2024-09-11 14:59:58.897063,Delivered,Credit Card,Mobile,Organic,"37509 Douglas Ridge Suite 850, North Emilyburgh, Connecticut 66703",Returning,330.26,2024-09,2024,Thursday,6.0,2024-09,Sep-2024
936d9611-29f2-43bb-a3d2-0fdda0080e03,4,708,Home,15.26,1,2024-05-16 14:59:58.897063,2024-05-19 14:59:58.897063,Delivered,Debit Card,Mobile,Social,"152 Bowen Row, East Carla, Utah 66995",VIP,15.26,2024-05,2024,Thursday,3.0,2024-05,May-2024
8d705b81-4626-4c0f-a4f5-1afbfc055d84,549,898,Books,281.77,3,2025-02-19 14:59:58.897063,2025-02-25 14:59:58.897063,Shipped,PayPal,Tablet,Email,"541 Martin Ranch Suite 003, East Douglasland, Montana 70606",Returning,845.31,2025-02,2025,Wednesday,6.0,2025-02,Feb-2025
180d0cda-b0a3-4d38-93d8-782572da27e1,2552,186,Clothing,126.19,3,2025-02-15 14:59:58.897063,2025-02-17 14:59:58.897063,Shipped,Apple Pay,Mobile,Email,"01745 Scott Harbors Apt. 716, North Dalemouth, Vermont 91682",Returning,378.57,2025-02,2025,Saturday,2.0,2025-02,Feb-2025
290c8589-75db-46f2-a757-76b86c04e1f2,462,988,Clothing,161.13,2,2024-06-03 14:59:58.897063,2024-06-04 14:59:58.897063,Delivered,Google Pay,Mobile,Organic,"62624 Foster Freeway, North Kenneth, Wyoming 57016",VIP,322.26,2024-06,2024,Monday,1.0,2024-06,Jun-2024
5f387146-b056-4eab-8730-94e3b3a9d896,13,22,Books,155.38,3,2024-05-05 14:59:58.897063,2024-05-11 14:59:58.897063,Shipped,Apple Pay,Desktop,Paid Search,"2128 Randall Radial, Kristinshire, New York 20944",VIP,466.14,2024-05,2024,Sunday,6.0,2024-05,May-2024
63aaf4dd-38a7-4c4a-9a85-37ab662f31f3,1036,140,Home,106.55,4,2024-05-02 14:59:58.897063,2024-05-07 14:59:58.897063,Delivered,Credit Card,Tablet,Paid Search,"75702 Carol Forks, Martinezside, Washington 47941",VIP,426.2,2024-05,2024,Thursday,5.0,2024-05,May-2024
ad0a0bfc-660b-4987-9b41-94e2bff29eb0,10,781,Home,83.96,3,2024-08-20 14:59:58.897063,2024-08-22 14:59:58.897063,Delivered,Credit Card,Mobile,Paid Search,"75686 Carl Row Suite 776, Port Paul, Massachusetts 67539",VIP,251.88,2024-08,2024,Tuesday,2.0,2024-08,Aug-2024
c17e32f1-8781-48c4-a774-5bf49e6e05f3,2561,812,Home,426.58,5,2024-10-04 14:59:58.897063,2024-10-09 14:59:58.897063,Delivered,PayPal,Desktop,Social,"852 Chelsea Throughway, Savageville, Kansas 20266",Returning,2132.9,2024-10,2024,Friday,5.0,2024-10,Oct-2024
eaa23d26-9e55-40a2-8aa8-875bbfec201e,7,567,Clothing,354.61,1,2024-12-25 14:59:58.897063,2024-12-28 14:59:58.897063,Delivered,Apple Pay,Desktop,Organic,"81036 Theresa Ways Suite 862, Port Tyler, Utah 13745",VIP,354.61,2024-12,2024,Wednesday,3.0,2024-12,Dec-2024
ad305b04-f865-44e4-b552-c29376f44ec7,2781,822,Toys,446.33,1,2025-04-03 14:59:58.897063,2025-04-08 14:59:58.897063,Delivered,Credit Card,Tablet,Email,"15186 Tonya Coves Apt. 134, Deannabury, New Hampshire 38510",Returning,446.33,2025-04,2025,Thursday,5.0,2025-04,Apr-2025
3b5d9588-77a2-4078-9bd3-364687903622,1457,806,Electronics,481.79,2,2025-01-09 14:59:58.897063,2025-01-10 14:59:58.897063,Shipped,Apple Pay,Mobile,Email,"30164 Sean Street Suite 407, North Brittany, Minnesota 94691",Returning,963.58,2025-01,2025,Thursday,1.0,2025-01,Jan-2025
e49bf1b2-0359-430d-a61b-8e0c2b30adfd,353,590,Toys,413.89,1,2024-11-20 14:59:58.897063,2024-11-21 14:59:58.897063,Delivered,Apple Pay,Mobile,Paid Search,"589 David Bypass, Aguilarbury, Minnesota 40059",VIP,413.89,2024-11,2024,Wednesday,1.0,2024-11,Nov-2024
e79bb232-c8ec-4fa3-9e3e-e78b8c8f09d5,8,112,Clothing,276.24,1,2025-02-08 14:59:58.897063,2025-02-13 14:59:58.897063,Delivered,Debit Card,Tablet,Email,"5208 Cathy Centers Suite 948, Houstonshire, Florida 19342",VIP,276.24,2025-02,2025,Saturday,5.0,2025-02,Feb-2025
40c3ccad-0928-44cf-9843-9129f34cb036,5,638,Books,239.96,2,2024-12-16 14:59:58.897063,2024-12-17 14:59:58.897063,Delivered,Debit Card,Desktop,Social,"3960 Burnett Stravenue Apt. 781, New Jennifer, Wyoming 17642",VIP,479.92,2024-12,2024,Monday,1.0,2024-12,Dec-2024
0a10a36c-3a7b-4eef-b32e-5a5e4c47bd16,1042,750,Toys,28.21,2,2025-03-24 14:59:58.897063,2025-03-25 14:59:58.897063,Delivered,Google Pay,Desktop,Social,"655 Reynolds Place Apt. 247, North Jenniferfurt, South Dakota 07711",VIP,56.42,2025-03,2025,Monday,1.0,2025-03,Mar-2025
bd7804f6-4770-460d-ba55-00705f531711,1467,241,Beauty,274.08,1,2024-08-14 14:59:58.897063,2024-08-15 14:59:58.897063,Delivered,Debit Card,Tablet,Email,"200 Bryant Tunnel Suite 020, Lake Danielle, Iowa 11210",Returning,274.08,2024-08,2024,Wednesday,1.0,2024-08,Aug-2024
890e37f2-2017-4a22-9119-7f4f97e63356,518,741,Beauty,269.35,3,2024-06-15 14:59:58.897063,2024-06-20 14:59:58.897063,Delivered,Debit Card,Desktop,Email,"6656 Aaron Point Apt. 766, Lake Stacy, North Dakota 97329",Returning,808.0500000000001,2024-06,2024,Saturday,5.0,2024-06,Jun-2024
1685bccc-2b42-4aea-9575-f4458f6fc6aa,2128,993,Toys,145.4,1,2025-01-26 14:59:58.897063,2025-01-31 14:59:58.897063,Delivered,Apple Pay,Desktop,Organic,"070 Gray Common, Adamview, Minnesota 26371",Returning,145.4,2025-01,2025,Sunday,5.0,2025-01,Jan-2025
e66e6f12-7720-4700-aa44-c01ad714e59b,4,714,Electronics,386.35,1,2024-07-27 14:59:58.897063,2024-07-28 14:59:58.897063,Shipped,Apple Pay,Tablet,Organic,"93346 Wendy Crest, Bradleymouth, Hawaii 79756",VIP,386.35,2024-07,2024,Saturday,1.0,2024-07,Jul-2024
1cabbddc-62ab-4798-9ba3-b3c6ae0b4c2a,1282,202,Beauty,485.81,4,2025-03-14 14:59:58.897063,2025-03-20 14:59:58.897063,Delivered,Credit Card,Mobile,Paid Search,"69385 Collier Turnpike Suite 142, Kaylatown, Washington 26947",Returning,1943.24,2025-03,2025,Friday,6.0,2025-03,Mar-2025
26a27160-d6ee-4e8e-a9d4-3b98b93e917a,2375,744,Books,324.6,1,2024-11-25 14:59:58.897063,2024-11-26 14:59:58.897063,Delivered,Debit Card,Mobile,Organic,"8675 Adams Mews, Kellybury, Missouri 32798",New,324.6,2024-11,2024,Monday,1.0,2024-11,Nov-2024
40c6ad88-23ad-4520-b29e-369e5ee48050,57,545,Clothing,189.2,1,2024-04-22 14:59:58.897063,2024-04-27 14:59:58.897063,Delivered,PayPal,Desktop,Email,"7009 Maria Island Apt. 472, Morganchester, Georgia 54586",VIP,189.2,2024-04,2024,Monday,5.0,2024-04,Apr-2024
b21b477f-cec3-4e67-9e7b-37181fe468d3,318,176,Home,178.81,3,2024-05-11 14:59:58.897063,2024-05-14 14:59:58.897063,Delivered,PayPal,Tablet,Email,"812 Paige Squares, Burnsshire, Louisiana 90449",Returning,536.4300000000001,2024-05,2024,Saturday,3.0,2024-05,May-2024
0fb83171-71ec-4fc3-b405-de7c47171e86,2197,644,Clothing,178.85,2,2024-05-31 14:59:58.897063,2024-06-05 14:59:58.897063,Delivered,Debit Card,Tablet,Email,"4829 Robinson Orchard, Lambton, Arizona 28989",VIP,357.7,2024-05,2024,Friday,5.0,2024-05,May-2024
e7ab5342-6246-4caa-a5dc-d8e5957bd9fd,1760,685,Home,107.48,3,2024-04-23 14:59:58.897063,2024-04-26 14:59:58.897063,Shipped,Debit Card,Desktop,Social,"5110 Christopher Lock, Jerrychester, New Mexico 32592",Returning,322.44,2024-04,2024,Tuesday,3.0,2024-04,Apr-2024
cb0b60fe-bccb-401d-b4d4-6ebd3283d3d7,165,484,Home,78.26,4,2025-01-01 14:59:58.897063,2025-01-05 14:59:58.897063,Delivered,Debit Card,Tablet,Organic,"103 Bridget Valleys Apt. 660, Stanleystad, New Jersey 50335",VIP,313.04,2025-01,2025,Wednesday,4.0,2025-01,Jan-2025
6499a099-d990-416e-9799-8b52830d8b00,412,985,Toys,221.46,1,2025-01-06 14:59:58.897063,2025-01-10 14:59:58.897063,Delivered,PayPal,Tablet,Email,"31724 Gabriel Burg Apt. 460, East Michael, South Carolina 61555",Returning,221.46,2025-01,2025,Monday,4.0,2025-01,Jan-2025
d485e1ea-64f7-44f4-a139-402a8f1ce18d,876,650,Home,156.03,2,2025-03-10 14:59:58.897063,2025-03-14 14:59:58.897063,Delivered,Apple Pay,Desktop,Organic,"4978 Steven Point Apt. 136, Christopherstad, Oregon 83823",Returning,312.06,2025-03,2025,Monday,4.0,2025-03,Mar-2025
37d41ea9-7517-4555-bf27-04939b61d920,292,155,Clothing,405.92,4,2024-07-20 14:59:58.897063,2024-07-27 14:59:58.897063,Delivered,Apple Pay,Mobile,Email,"1117 Fernandez Greens, Michelletown, Florida 87946",VIP,1623.68,2024-07,2024,Saturday,7.0,2024-07,Jul-2024
82230c6c-3651-40fa-90bc-a81b9bfc973d,381,726,Electronics,318.02,3,2025-01-10 14:59:58.897063,2025-01-16 14:59:58.897063,Delivered,Credit Card,Tablet,Organic,"01879 Kelly Alley, Lake Justinville, Idaho 64632",Returning,954.06,2025-01,2025,Friday,6.0,2025-01,Jan-2025
bafbeb18-5f4b-429d-b880-84652eec70ff,1109,571,Toys,109.07,1,2024-08-22 14:59:58.897063,2024-08-26 14:59:58.897063,Delivered,Apple Pay,Desktop,Organic,"219 Contreras Forges, Geraldton, Indiana 90501",Returning,109.07,2024-08,2024,Thursday,4.0,2024-08,Aug-2024
9f63b427-532e-4fbd-885a-0f5224915fd3,921,364,Books,160.58,1,2024-11-19 14:59:58.897063,2024-11-22 14:59:58.897063,Shipped,PayPal,Mobile,Social,"741 Robert Brooks, South Rachelfort, Mississippi 61387",Returning,160.58,2024-11,2024,Tuesday,3.0,2024-11,Nov-2024
1215c727-c895-4a6c-a9ce-4376df5e14d6,20,564,Toys,441.21,2,2024-07-30 14:59:58.897063,2024-08-01 14:59:58.897063,Shipped,Credit Card,Desktop,Paid Search,"4470 Soto Flats, West Brianstad, Louisiana 08864",VIP,882.42,2024-07,2024,Tuesday,2.0,2024-07,Jul-2024
94bb2e6b-d8c3-4bb6-934c-6b67bcce9460,2284,857,Beauty,342.1,1,2025-03-17 14:59:58.897063,2025-03-19 14:59:58.897063,Delivered,Google Pay,Desktop,Organic,"94695 Elizabeth Trail Suite 050, East Mary, Florida 87419",Returning,342.1,2025-03,2025,Monday,2.0,2025-03,Mar-2025
cb01d624-b374-4784-8c79-19d458a180b4,262,392,Clothing,44.29,1,2024-10-18 14:59:58.897063,2024-10-25 14:59:58.897063,Delivered,Debit Card,Desktop,Organic,"71061 Lin Expressway Suite 808, South Thomas, North Carolina 59329",VIP,44.29,2024-10,2024,Friday,7.0,2024-10,Oct-2024
74007767-b7eb-43e5-b924-515396664588,50,321,Beauty,195.91,1,2024-11-11 14:59:58.897063,2024-11-13 14:59:58.897063,Delivered,PayPal,Tablet,Organic,"1597 Robert Grove Apt. 050, Troymouth, Nevada 84344",VIP,195.91,2024-11,2024,Monday,2.0,2024-11,Nov-2024
8ae9ddf3-3451-4306-9cac-8ef8f1836bff,1301,576,Toys,316.6,1,2025-02-05 14:59:58.897063,2025-02-08 14:59:58.897063,Delivered,Debit Card,Desktop,Social,"246 Jenna Courts, Washingtonport, Vermont 73869",New,316.6,2025-02,2025,Wednesday,3.0,2025-02,Feb-2025
2a2f368c-e03d-4834-848a-40f39517e64f,2724,902,Beauty,285.47,1,2025-04-02 14:59:58.897063,2025-04-08 14:59:58.897063,Delivered,PayPal,Mobile,Email,"0661 Bush Green Suite 213, Port Lindsey, Massachusetts 63506",Returning,285.47,2025-04,2025,Wednesday,6.0,2025-04,Apr-2025
9618bfd2-49c4-4496-9715-fd0028315f93,1334,519,Home,315.55,2,2024-09-03 14:59:58.897063,2024-09-09 14:59:58.897063,Delivered,Credit Card,Mobile,Organic,"51585 Combs Islands Suite 529, Tatemouth, Oklahoma 93399",VIP,631.1,2024-09,2024,Tuesday,6.0,2024-09,Sep-2024
03d91a0e-a76e-45c3-9942-4320b4308a62,334,992,Home,126.69,1,2025-01-21 14:59:58.897063,2025-01-28 14:59:58.897063,Delivered,Credit Card,Desktop,Organic,"76553 Williams Hollow Suite 992, Pricehaven, Maine 14761",Returning,126.69,2025-01,2025,Tuesday,7.0,2025-01,Jan-2025
900371ba-2f41-4125-9abe-6239d043f8a1,446,858,Toys,79.49,1,2025-02-20 14:59:58.897063,2025-02-22 14:59:58.897063,Pending,PayPal,Desktop,Paid Search,"49250 Joseph Rapid, Andrewside, North Dakota 55992",Returning,79.49,2025-02,2025,Thursday,2.0,2025-02,Feb-2025
c3391b75-baaa-445c-8e86-e9a7ffb0874a,308,268,Beauty,265.7,2,2024-12-10 14:59:58.897063,2024-12-12 14:59:58.897063,Delivered,Credit Card,Tablet,Paid Search,"288 Jason Expressway, Codyland, Illinois 90972",VIP,531.4,2024-12,2024,Tuesday,2.0,2024-12,Dec-2024
c499d629-61cf-4fce-afdd-09c005b8fa97,2099,873,Toys,332.58,1,2024-07-26 14:59:58.897063,2024-08-02 14:59:58.897063,Delivered,Google Pay,Mobile,Organic,"5865 Vicki Isle, Tiffanyburgh, Indiana 78669",Returning,332.58,2024-07,2024,Friday,7.0,2024-07,Jul-2024
1c77b447-7d43-4056-a057-9040d4d0c5a5,8,75,Home,355.1,3,2025-04-02 14:59:58.897063,2025-04-04 14:59:58.897063,Delivered,Debit Card,Tablet,Organic,"37523 Hernandez Forge Suite 234, Lake Lauraside, Florida 71642",VIP,1065.3000000000002,2025-04,2025,Wednesday,2.0,2025-04,Apr-2025
191ee0f5-2345-4d42-b1df-307d39851df7,1062,106,Beauty,418.32,2,2024-07-16 14:59:58.897063,2024-07-18 14:59:58.897063,Shipped,Google Pay,Tablet,Email,"161 Kenneth Village Suite 579, Fosterfort, West Virginia 38880",Returning,836.64,2024-07,2024,Tuesday,2.0,2024-07,Jul-2024
8b975a6f-ae28-400e-bfac-5460a58d569f,34,596,Beauty,71.53,3,2025-03-21 14:59:58.897063,2025-03-26 14:59:58.897063,Shipped,Google Pay,Tablet,Paid Search,"1190 Mayo Garden, North Markmouth, North Carolina 63809",VIP,214.59,2025-03,2025,Friday,5.0,2025-03,Mar-2025
03d2eeb0-6d78-4ae6-9b59-561ce82786b3,450,667,Toys,410.43,4,2024-05-09 14:59:58.897063,2024-05-14 14:59:58.897063,Delivered,Debit Card,Desktop,Organic,"1997 Brooks Springs Apt. 676, Lake Cynthiamouth, Kentucky 95841",VIP,1641.72,2024-05,2024,Thursday,5.0,2024-05,May-2024
a5903daa-9a31-4be3-bc7d-d6475699aaae,22,981,Beauty,132.69,3,2024-12-01 14:59:58.897063,2024-12-08 14:59:58.897063,Delivered,Google Pay,Tablet,Social,"31248 Ryan Flats Suite 067, South Mark, Iowa 35630",VIP,398.07,2024-12,2024,Sunday,7.0,2024-12,Dec-2024
78cf5d8c-7037-460f-81a1-4ac7d618bbe8,2584,349,Toys,173.49,1,2024-08-01 14:59:58.897063,2024-08-02 14:59:58.897063,Delivered,Credit Card,Desktop,Paid Search,"697 James Pine Suite 774, Amandahaven, Alaska 60190",VIP,173.49,2024-08,2024,Thursday,1.0,2024-08,Aug-2024
a95f3483-04f7-449b-8552-ca65322e9bf0,450,62,Clothing,168.28,1,2025-02-14 14:59:58.897063,2025-02-21 14:59:58.897063,Delivered,Debit Card,Tablet,Paid Search,"059 Brooke Row, Whitneyville, Georgia 38905",VIP,168.28,2025-02,2025,Friday,7.0,2025-02,Feb-2025
3544f038-c300-4416-bf82-afdcb55ce53a,1971,46,Home,146.05,3,2024-05-23 14:59:58.897063,2024-05-29 14:59:58.897063,Delivered,Apple Pay,Desktop,Social,"65853 James Port, Lake Jameschester, Alaska 73321",Returning,438.15000000000003,2024-05,2024,Thursday,6.0,2024-05,May-2024
eaf90044-038a-4b3c-b295-4433ee04a3aa,2802,415,Toys,213.4,1,2024-10-08 14:59:58.897063,2024-10-15 14:59:58.897063,Shipped,Google Pay,Desktop,Social,"3953 Myers Meadows Suite 462, West Joshuaton, New Mexico 58875",Returning,213.4,2024-10,2024,Tuesday,7.0,2024-10,Oct-2024
b596ba1b-631e-471f-b538-b3c235a93172,1942,739,Home,190.58,1,2025-04-01 14:59:58.897063,2025-04-06 14:59:58.897063,Returned,Credit Card,Tablet,Paid Search,"341 Matthew Knoll Apt. 985, Gregorytown, North Dakota 76738",Returning,190.58,2025-04,2025,Tuesday,5.0,2025-04,Apr-2025
b9776772-8db1-4528-a7f0-150e0dd13af2,25,509,Toys,104.21,1,2024-08-15 14:59:58.897063,2024-08-22 14:59:58.897063,Delivered,PayPal,Desktop,Paid Search,"2177 Michael Highway, Port Robert, Idaho 23252",VIP,104.21,2024-08,2024,Thursday,7.0,2024-08,Aug-2024
36c13a67-d19e-4605-952c-d1551cbea849,2164,351,Home,177.84,1,2024-08-19 14:59:58.897063,2024-08-22 14:59:58.897063,Delivered,Apple Pay,Desktop,Social,"92987 Welch Squares Apt. 457, Lake Carlosburgh, Arizona 43099",New,177.84,2024-08,2024,Monday,3.0,2024-08,Aug-2024
85868b19-be73-4210-bbd2-7d542e1f1dd0,1886,826,Books,304.16,1,2024-10-18 14:59:58.897063,2024-10-21 14:59:58.897063,Shipped,Credit Card,Tablet,Organic,"962 Caldwell Summit, Laurenfurt, Minnesota 37914",Returning,304.16,2024-10,2024,Friday,3.0,2024-10,Oct-2024
1c168071-4db6-440d-a964-a96b8fdb750a,199,621,Clothing,278.82,1,2024-05-12 14:59:58.897063,2024-05-13 14:59:58.897063,Delivered,Debit Card,Mobile,Paid Search,"34557 Sandoval Plaza, Wesleyton, Iowa 98958",VIP,278.82,2024-05,2024,Sunday,1.0,2024-05,May-2024
8d0a2ea0-8748-4471-a67e-84b9b5ff4458,1,70,Clothing,230.14,1,2024-07-14 14:59:58.897063,2024-07-16 14:59:58.897063,Shipped,Debit Card,Tablet,Social,"96081 Patrick Track, Scottburgh, Arkansas 19966",VIP,230.14,2024-07,2024,Sunday,2.0,2024-07,Jul-2024
9e3f725b-1e0d-4653-a0f9-3c74e65c9f14,1283,831,Toys,72.85,4,2024-09-18 14:59:58.897063,2024-09-20 14:59:58.897063,Delivered,Google Pay,Desktop,Email,"02773 Jason Pike Suite 567, Jasonfurt, Kentucky 72366",Returning,291.4,2024-09,2024,Wednesday,2.0,2024-09,Sep-2024
8fe2f98f-402f-4d6b-9516-ff159195379d,108,442,Toys,141.45,4,2025-04-15 14:59:58.897063,2025-04-21 14:59:58.897063,Delivered,Apple Pay,Mobile,Organic,"087 Abbott Orchard, Port April, Delaware 74352",VIP,565.8,2025-04,2025,Tuesday,6.0,2025-04,Apr-2025
7f5e95af-8e36-4bb8-b63b-b06daeafcd51,2404,191,Beauty,30.06,2,2025-02-14 14:59:58.897063,2025-02-21 14:59:58.897063,Delivered,Debit Card,Desktop,Paid Search,"2762 Kim Field, West Tiffany, Kansas 44262",Returning,60.12,2025-02,2025,Friday,7.0,2025-02,Feb-2025
ae1aa65e-df21-4cdb-9510-ec0cbe4f3982,2605,925,Electronics,343.22,3,2024-04-28 14:59:58.897063,2024-04-30 14:59:58.897063,Returned,Google Pay,Tablet,Paid Search,"5886 Hernandez Islands, North Desireeborough, Oregon 70265",New,1029.66,2024-04,2024,Sunday,2.0,2024-04,Apr-2024
615e70aa-63ce-4bd2-ba72-21aec8785407,108,311,Electronics,460.39,4,2024-12-15 14:59:58.897063,2024-12-22 14:59:58.897063,Pending,PayPal,Tablet,Social,"142 Alicia Cliff, West Bryan, Wisconsin 67374",VIP,1841.56,2024-12,2024,Sunday,7.0,2024-12,Dec-2024
ad1f92f5-ca16-4ec5-85ed-570cece918cb,815,376,Home,125.86,1,2025-04-14 14:59:58.897063,2025-04-15 14:59:58.897063,Delivered,Apple Pay,Mobile,Paid Search,"277 Jones Station, Browntown, Idaho 66432",Returning,125.86,2025-04,2025,Monday,1.0,2025-04,Apr-2025
87a3b4bb-a9e8-4541-80da-65d6052ba46e,980,494,Home,8.43,4,2024-04-30 14:59:58.897063,2024-05-05 14:59:58.897063,Delivered,PayPal,Tablet,Social,"04882 Smith Glens Apt. 931, Lopezport, Texas 02821",Returning,33.72,2024-04,2024,Tuesday,5.0,2024-04,Apr-2024
56d73e0d-b336-4c6e-8865-3ffd834a9a3a,2474,591,Toys,90.97,1,2025-04-05 14:59:58.897063,2025-04-12 14:59:58.897063,Delivered,Google Pay,Desktop,Paid Search,"1695 Thompson Burg Apt. 553, East Belindaborough, New Jersey 50811",Returning,90.97,2025-04,2025,Saturday,7.0,2025-04,Apr-2025
0eaa163a-6ddb-47a6-b711-d88ef568d7a4,220,364,Toys,102.93,1,2024-09-20 14:59:58.897063,2024-09-24 14:59:58.897063,Delivered,Credit Card,Desktop,Email,"60635 Arthur Walk Apt. 547, West Abigail, Iowa 73754",VIP,102.93,2024-09,2024,Friday,4.0,2024-09,Sep-2024
fdaf67b4-6055-4f38-9b70-5f92b1b5bdaf,1571,361,Electronics,37.34,4,2025-03-30 14:59:58.897063,2025-03-31 14:59:58.897063,Delivered,Apple Pay,Tablet,Organic,"441 Sandra Dale Apt. 102, Darrellside, New Mexico 26738",Returning,149.36,2025-03,2025,Sunday,1.0,2025-03,Mar-2025
db27b18a-a905-4466-8151-45261df39dd8,1039,324,Home,358.67,1,2024-06-26 14:59:58.897063,2024-06-30 14:59:58.897063,Returned,Debit Card,Mobile,Email,"610 Amy Manor Apt. 057, North Sarah, Colorado 12066",Returning,358.67,2024-06,2024,Wednesday,4.0,2024-06,Jun-2024
eb62765b-b9d8-4ed0-a2a8-d615f9b5b68d,1394,255,Clothing,77.88,1,2024-12-03 14:59:58.897063,2024-12-04 14:59:58.897063,Delivered,Credit Card,Desktop,Social,"867 Salas Crescent Apt. 265, New Michelle, Pennsylvania 81982",Returning,77.88,2024-12,2024,Tuesday,1.0,2024-12,Dec-2024
5522fe4f-e0f6-43d1-b074-98b81ed046a5,625,369,Electronics,66.46,1,2024-12-16 14:59:58.897063,2024-12-18 14:59:58.897063,Shipped,Apple Pay,Mobile,Social,"2408 Jordan Divide, Murrayville, Ohio 07280",Returning,66.46,2024-12,2024,Monday,2.0,2024-12,Dec-2024
909ef726-35ef-4b83-8aa2-1fc2a6395117,517,566,Books,400.75,1,2025-01-31 14:59:58.897063,2025-02-02 14:59:58.897063,Shipped,Debit Card,Tablet,Email,"04432 Perkins Mills Apt. 730, Douglasfurt, Florida 92963",Returning,400.75,2025-01,2025,Friday,2.0,2025-01,Jan-2025
0b1aa0c1-3f21-4964-b662-945d779086dc,1032,619,Electronics,462.34,2,2025-02-14 14:59:58.897063,2025-02-15 14:59:58.897063,Delivered,Credit Card,Desktop,Organic,"537 Evans Spur Apt. 284, West Nancyberg, Washington 35801",VIP,924.68,2025-02,2025,Friday,1.0,2025-02,Feb-2025
5c683831-e2a3-4734-a21b-b591674478d0,291,846,Home,381.96,2,2024-11-25 14:59:58.897063,2024-12-02 14:59:58.897063,Shipped,Debit Card,Mobile,Email,"34599 Abigail Club, Nielsenhaven, Mississippi 48136",VIP,763.92,2024-11,2024,Monday,7.0,2024-11,Nov-2024
bf4a5337-4a72-4e4b-9d45-c9b15b05314f,1458,493,Clothing,95.19,3,2025-03-12 14:59:58.897063,2025-03-13 14:59:58.897063,Delivered,PayPal,Tablet,Social,"49655 Owens Rapid Suite 296, Stephaniemouth, Virginia 41092",Returning,285.57,2025-03,2025,Wednesday,1.0,2025-03,Mar-2025
17b59030-ce93-4a7d-a4f1-297fa34b6851,998,391,Books,476.47,3,2025-03-20 14:59:58.897063,2025-03-27 14:59:58.897063,Delivered,Debit Card,Tablet,Email,"1155 Nicole Ferry Suite 237, Port Sean, New Jersey 86281",VIP,1429.41,2025-03,2025,Thursday,7.0,2025-03,Mar-2025
25ee0e84-dfa8-445e-9f6f-6d1b6ef656b1,1768,589,Electronics,359.67,1,2024-04-24 14:59:58.897063,2024-04-30 14:59:58.897063,Delivered,Apple Pay,Tablet,Organic,"4097 Melissa Cliff Apt. 225, Whiteberg, Nevada 69107",Returning,359.67,2024-04,2024,Wednesday,6.0,2024-04,Apr-2024
a53b1e21-3fb2-4ab7-b649-1b1910592179,1784,933,Home,56.45,2,2024-05-04 14:59:58.897063,2024-05-05 14:59:58.897063,Returned,Credit Card,Desktop,Organic,"7072 Tom Parkway, Munozchester, Michigan 31116",Returning,112.9,2024-05,2024,Saturday,1.0,2024-05,May-2024
d1333d96-137e-48be-8ddd-d0f3964a5e82,285,325,Books,256.43,3,2024-08-10 14:59:58.897063,2024-08-11 14:59:58.897063,Delivered,Google Pay,Tablet,Paid Search,"48585 Diane Fort, New Andreafurt, Delaware 24221",VIP,769.29,2024-08,2024,Saturday,1.0,2024-08,Aug-2024
39c99a70-0ff1-434d-8836-cbf4b339c527,501,69,Electronics,175.19,2,2024-12-14 14:59:58.897063,2024-12-19 14:59:58.897063,Delivered,Apple Pay,Desktop,Organic,"0594 Watts View, Chadton, Iowa 11153",VIP,350.38,2024-12,2024,Saturday,5.0,2024-12,Dec-2024
7188366c-f31a-450e-91b4-17729aa4c842,81,354,Clothing,371.38,3,2024-07-22 14:59:58.897063,2024-07-25 14:59:58.897063,Delivered,Debit Card,Tablet,Email,"35321 Perkins Grove Suite 890, New Jacobport, Montana 83115",VIP,1114.1399999999999,2024-07,2024,Monday,3.0,2024-07,Jul-2024
73738988-07ee-472b-841c-720bfec8427e,218,745,Electronics,295.34,3,2024-10-14 14:59:58.897063,2024-10-20 14:59:58.897063,Delivered,Credit Card,Desktop,Social,"72267 Melissa Junction, Lake Valeriestad, Pennsylvania 74756",VIP,886.02,2024-10,2024,Monday,6.0,2024-10,Oct-2024
2cf92d8b-fee2-4648-9943-12c9b04f0d7b,676,522,Beauty,426.76,1,2024-08-16 14:59:58.897063,2024-08-18 14:59:58.897063,Returned,Debit Card,Tablet,Email,"51241 Copeland Centers, Lake Jennyshire, Illinois 24490",Returning,426.76,2024-08,2024,Friday,2.0,2024-08,Aug-2024
6ead0612-1c35-490f-8657-88fb83010bcf,2462,265,Books,32.68,3,2024-08-31 14:59:58.897063,2024-09-01 14:59:58.897063,Shipped,Apple Pay,Mobile,Social,"33763 Jeffrey Camp Apt. 536, Lake Jacobburgh, New Jersey 69100",Returning,98.03999999999999,2024-08,2024,Saturday,1.0,2024-08,Aug-2024
ee698ce2-2ba4-4885-8be1-7b1867e0b5fc,446,910,Electronics,228.71,3,2024-04-26 14:59:58.897063,2024-05-02 14:59:58.897063,Delivered,Apple Pay,Tablet,Social,"4937 Torres Freeway, Port Gary, New Hampshire 04117",Returning,686.13,2024-04,2024,Friday,6.0,2024-04,Apr-2024
eea9e921-3e62-405e-9a0a-232103a96ab8,597,116,Clothing,135.99,4,2024-09-17 14:59:58.897063,2024-09-21 14:59:58.897063,Delivered,Debit Card,Tablet,Paid Search,"5760 Perez Springs, New Ashleymouth, Missouri 29369",Returning,543.96,2024-09,2024,Tuesday,4.0,2024-09,Sep-2024
8f0ca2eb-9992-4345-9048-471a171618d0,357,311,Books,192.41,5,2025-03-09 14:59:58.897063,2025-03-11 14:59:58.897063,Shipped,Apple Pay,Mobile,Organic,"310 Parker Loaf, Darrenport, Oregon 74082",Returning,962.05,2025-03,2025,Sunday,2.0,2025-03,Mar-2025
618e476a-be82-495e-8845-1714dd3dc268,83,558,Beauty,204.84,2,2024-06-20 14:59:58.897063,2024-06-24 14:59:58.897063,Delivered,PayPal,Tablet,Email,"6502 Mitchell Mount Suite 929, South Robert, Delaware 46853",VIP,409.68,2024-06,2024,Thursday,4.0,2024-06,Jun-2024
681645f9-029c-4706-9a32-92f4e6003c23,1941,819,Home,356.99,2,2024-06-29 14:59:58.897063,2024-06-30 14:59:58.897063,Delivered,Debit Card,Mobile,Organic,"46714 Lucas Spur Apt. 998, New Sarah, New Hampshire 64186",Returning,713.98,2024-06,2024,Saturday,1.0,2024-06,Jun-2024
8b0d8dc9-6692-4ece-b4be-255c7a1f90f7,954,787,Beauty,150.01,1,2024-12-25 14:59:58.897063,2024-12-28 14:59:58.897063,Pending,Credit Card,Desktop,Paid Search,"506 Tara Spur, Smithhaven, Louisiana 43857",Returning,150.01,2024-12,2024,Wednesday,3.0,2024-12,Dec-2024
2b23faf6-d4e7-4fb3-8ff7-2d4e97a52a83,1098,119,Clothing,364.29,1,2024-04-28 14:59:58.897063,2024-04-29 14:59:58.897063,Shipped,Google Pay,Desktop,Email,"753 Tracy Pine, Port Shaun, Alaska 04377",Returning,364.29,2024-04,2024,Sunday,1.0,2024-04,Apr-2024
203078c5-da4c-4a9f-8c7e-d76977d3f241,2918,469,Beauty,205.13,1,2024-06-11 14:59:58.897063,2024-06-12 14:59:58.897063,Delivered,Google Pay,Desktop,Paid Search,"3239 Allen Bypass Apt. 710, Martinezfurt, Florida 50591",Returning,205.13,2024-06,2024,Tuesday,1.0,2024-06,Jun-2024
eb578ab8-89a1-4089-b011-8c36ee76d791,1795,708,Books,174.99,2,2025-01-06 14:59:58.897063,2025-01-11 14:59:58.897063,Delivered,Google Pay,Tablet,Social,"7933 Jordan Crossroad Suite 264, Zacharyton, West Virginia 17596",Returning,349.98,2025-01,2025,Monday,5.0,2025-01,Jan-2025
48b55868-0eac-44cf-aedd-b2088cf063a6,2193,611,Toys,393.16,1,2025-01-08 14:59:58.897063,2025-01-09 14:59:58.897063,Pending,Debit Card,Mobile,Paid Search,"9462 Andrea Ridges Suite 025, Lake Deanna, Minnesota 18324",Returning,393.16,2025-01,2025,Wednesday,1.0,2025-01,Jan-2025
60ac17f5-3d70-46c5-ae1f-704df62fb316,1960,785,Toys,146.8,2,2025-01-05 14:59:58.897063,2025-01-08 14:59:58.897063,Shipped,Apple Pay,Tablet,Email,"3394 Brewer Wall, Walkertown, Vermont 24002",Returning,293.6,2025-01,2025,Sunday,3.0,2025-01,Jan-2025
7f2a65ac-2544-4d2e-a931-70e521fece03,782,971,Electronics,120.56,1,2024-11-16 14:59:58.897063,2024-11-18 14:59:58.897063,Returned,Apple Pay,Tablet,Social,"9497 Jose Square Suite 390, Heberttown, Missouri 06418",Returning,120.56,2024-11,2024,Saturday,2.0,2024-11,Nov-2024
d2f52d9d-69ec-47dc-8bcc-56733ed1a3e1,23,246,Clothing,243.56,3,2024-08-28 14:59:58.897063,2024-08-30 14:59:58.897063,Delivered,Debit Card,Desktop,Organic,"875 Frances Coves Suite 770, Mooreville, West Virginia 47290",VIP,730.6800000000001,2024-08,2024,Wednesday,2.0,2024-08,Aug-2024
e93506ec-ff16-4317-aaec-e034e0117dda,449,866,Toys,400.98,2,2024-08-23 14:59:58.897063,2024-08-26 14:59:58.897063,Delivered,Google Pay,Tablet,Paid Search,"642 Smith Crossing Suite 046, Lake Sarah, New Hampshire 27397",VIP,801.96,2024-08,2024,Friday,3.0,2024-08,Aug-2024
c9f8368b-2f93-44a8-b8a0-b3b8b112b6a9,2082,883,Electronics,301.71,2,2024-06-05 14:59:58.897063,2024-06-09 14:59:58.897063,Returned,Apple Pay,Tablet,Organic,"134 Heidi Curve, West Jennifer, Maine 89918",Returning,603.42,2024-06,2024,Wednesday,4.0,2024-06,Jun-2024
29a1fe15-5e0d-4ccf-bc29-f1a1b4a0981e,563,449,Home,100.8,2,2025-03-21 14:59:58.897063,2025-03-26 14:59:58.897063,Delivered,Apple Pay,Desktop,Social,"5140 Estrada Expressway Suite 580, Phillipbury, Arizona 57297",Returning,201.6,2025-03,2025,Friday,5.0,2025-03,Mar-2025
4ddc087f-da23-4c79-96f1-f2c3be2b0bc8,913,440,Electronics,104.51,1,2025-02-22 14:59:58.897063,2025-02-27 14:59:58.897063,Shipped,PayPal,Desktop,Paid Search,"257 Porter Brook Suite 677, East Jeremyshire, Tennessee 07103",VIP,104.51,2025-02,2025,Saturday,5.0,2025-02,Feb-2025
8bb92d98-7a0a-4785-8858-d81bc9b6238f,605,627,Books,66.17,1,2024-08-02 14:59:58.897063,2024-08-04 14:59:58.897063,Delivered,Apple Pay,Mobile,Organic,"588 Smith Mountain, Lake Samanthaton, Maine 23240",VIP,66.17,2024-08,2024,Friday,2.0,2024-08,Aug-2024
531d5583-d552-4cc1-95a3-6a80797a3aee,2330,925,Electronics,161.92,4,2025-04-12 14:59:58.897063,2025-04-17 14:59:58.897063,Delivered,Google Pay,Mobile,Email,"119 Gillespie Landing Suite 095, East Joseph, Michigan 60669",Returning,647.68,2025-04,2025,Saturday,5.0,2025-04,Apr-2025
3a1818f2-c5f1-4bb4-86bd-becc116dedf2,1763,611,Books,81.47,3,2024-06-05 14:59:58.897063,2024-06-09 14:59:58.897063,Shipped,Credit Card,Tablet,Organic,"673 Nicole Freeway Suite 677, Tomview, Maryland 79450",Returning,244.41,2024-06,2024,Wednesday,4.0,2024-06,Jun-2024
ba4dfc90-bbfc-4f54-b72d-4df0e43447b4,1423,956,Home,453.85,2,2025-04-01 14:59:58.897063,2025-04-04 14:59:58.897063,Delivered,Apple Pay,Mobile,Organic,"2334 Joshua Grove Suite 959, Lake Frederickbury, Maryland 02093",VIP,907.7,2025-04,2025,Tuesday,3.0,2025-04,Apr-2025
19aca471-9fad-4ea6-a381-4974d783f789,994,214,Beauty,32.37,2,2024-12-17 14:59:58.897063,2024-12-23 14:59:58.897063,Delivered,Apple Pay,Desktop,Organic,"6186 Jerome Station, Lake Linda, Iowa 96500",VIP,64.74,2024-12,2024,Tuesday,6.0,2024-12,Dec-2024
0deedf04-55d5-4f10-a240-666a30744620,28,641,Beauty,327.51,1,2024-11-17 14:59:58.897063,2024-11-19 14:59:58.897063,Delivered,Debit Card,Tablet,Social,"600 Lisa Meadow Suite 470, Kingmouth, North Dakota 46464",VIP,327.51,2024-11,2024,Sunday,2.0,2024-11,Nov-2024
6979755a-e6ed-4995-b3ab-2a5b1584217f,196,728,Electronics,27.28,2,2024-10-23 14:59:58.897063,2024-10-24 14:59:58.897063,Returned,Google Pay,Desktop,Paid Search,"1474 Nicole Pine, Figueroamouth, Florida 67682",VIP,54.56,2024-10,2024,Wednesday,1.0,2024-10,Oct-2024
397480aa-ad09-4cbc-b7a6-0200c7515458,1445,538,Books,137.11,4,2024-07-19 14:59:58.897063,2024-07-23 14:59:58.897063,Delivered,Apple Pay,Tablet,Organic,"606 Myers Greens, Lake Paulmouth, Pennsylvania 03056",Returning,548.44,2024-07,2024,Friday,4.0,2024-07,Jul-2024
c6aae9bb-03e6-4c5d-bb71-2ffa135a4551,587,741,Electronics,128.67,1,2025-03-16 14:59:58.897063,2025-03-21 14:59:58.897063,Shipped,Debit Card,Tablet,Paid Search,"2467 Bush Avenue, Davidton, New Jersey 01921",Returning,128.67,2025-03,2025,Sunday,5.0,2025-03,Mar-2025
b9194b37-a91a-4165-b6d7-142c5fbe747b,2,309,Toys,401.52,2,2024-09-19 14:59:58.897063,2024-09-20 14:59:58.897063,Delivered,Google Pay,Mobile,Email,"802 Kevin Forge Suite 940, Lopezfort, Michigan 11287",VIP,803.04,2024-09,2024,Thursday,1.0,2024-09,Sep-2024
d534aa17-4628-4c37-a7b9-7ae32188b7ec,207,502,Toys,159.96,2,2024-09-02 14:59:58.897063,2024-09-09 14:59:58.897063,Delivered,Credit Card,Tablet,Social,"365 Christopher Turnpike, West Marissahaven, Maine 05021",Returning,319.92,2024-09,2024,Monday,7.0,2024-09,Sep-2024
a937ac6b-85a6-408a-a8f7-c0ed91334051,405,378,Toys,453.57,1,2024-09-27 14:59:58.897063,2024-09-30 14:59:58.897063,Shipped,Google Pay,Desktop,Organic,"3353 Christina Underpass, Glennbury, Oklahoma 41892",VIP,453.57,2024-09,2024,Friday,3.0,2024-09,Sep-2024
4e06f311-cc5b-42e9-8fca-ae0d01bb3755,24,243,Toys,344.65,6,2024-08-25 14:59:58.897063,2024-08-28 14:59:58.897063,Delivered,Google Pay,Tablet,Social,"351 Allison Isle Apt. 912, New James, Texas 32154",VIP,2412.5499999999997,2024-08,2024,Sunday,3.0,2024-08,Aug-2024
b54e73cf-5e2f-4489-9f67-5b9fb70d5fd0,1294,957,Home,488.91,3,2024-08-30 14:59:58.897063,2024-09-06 14:59:58.897063,Delivered,Debit Card,Tablet,Paid Search,"4598 Rodriguez Ramp, Smithmouth, Montana 79951",Returning,1466.73,2024-08,2024,Friday,7.0,2024-08,Aug-2024
1088efe1-bf88-45c9-a350-655a77720d3b,1,262,Home,296.28,1,2024-06-06 14:59:58.897063,2024-06-11 14:59:58.897063,Pending,Credit Card,Tablet,Email,"11273 David Turnpike, Silvastad, Pennsylvania 26345",VIP,296.28,2024-06,2024,Thursday,5.0,2024-06,Jun-2024
b93a1e9e-d34b-463e-ab05-1f5f91ee59d3,202,89,Home,244.91,5,2024-09-24 14:59:58.897063,2024-09-26 14:59:58.897063,Shipped,Credit Card,Mobile,Organic,"0706 Bauer Loaf, Meyerburgh, Hawaii 88941",Returning,1224.55,2024-09,2024,Tuesday,2.0,2024-09,Sep-2024
b97f4513-9ced-44e8-9a65-2c0812575ae6,618,626,Electronics,136.65,3,2025-01-30 14:59:58.897063,2025-01-31 14:59:58.897063,Delivered,Google Pay,Desktop,Social,"934 Kaitlyn Dale Apt. 364, New Emma, Illinois 75506",Returning,409.95000000000005,2025-01,2025,Thursday,1.0,2025-01,Jan-2025
75e10e75-3077-46c4-bde8-ecf6cf5580b8,557,607,Books,481.82,3,2025-03-24 14:59:58.897063,2025-03-28 14:59:58.897063,Shipped,Debit Card,Tablet,Paid Search,"7745 Johnny Passage Suite 348, Osborntown, Pennsylvania 75805",VIP,1445.46,2025-03,2025,Monday,4.0,2025-03,Mar-2025
28fa0a09-8a9a-4053-a7d0-0f658d8237fd,250,766,Electronics,124.46,3,2024-11-17 14:59:58.897063,2024-11-23 14:59:58.897063,Delivered,Debit Card,Tablet,Organic,"38353 Williams Lakes Apt. 911, West Gary, North Carolina 48802",VIP,373.38,2024-11,2024,Sunday,6.0,2024-11,Nov-2024
cbba9bfd-1d1e-4769-a1d5-6457f3901557,92,882,Clothing,452.9,3,2024-12-25 14:59:58.897063,2024-12-28 14:59:58.897063,Delivered,Apple Pay,Mobile,Email,"080 Michelle Squares, Newmanside, Vermont 53068",VIP,1358.6999999999998,2024-12,2024,Wednesday,3.0,2024-12,Dec-2024
6ac3ec36-73a4-45bd-b30b-40c6f60ae1d3,135,550,Books,76.97,1,2025-01-11 14:59:58.897063,2025-01-13 14:59:58.897063,Delivered,Google Pay,Mobile,Social,"8315 Stephens Stream Apt. 613, North Scottstad, Montana 58468",VIP,76.97,2025-01,2025,Saturday,2.0,2025-01,Jan-2025
90d8c7e8-67ff-411b-bdb1-4448bf0ad6d2,248,863,Home,498.76,1,2024-05-16 14:59:58.897063,2024-05-17 14:59:58.897063,Delivered,Debit Card,Tablet,Email,"995 Lee Harbors, South Ashley, Rhode Island 96784",VIP,498.76,2024-05,2024,Thursday,1.0,2024-05,May-2024
82514b51-2279-441a-82e6-e4627f396099,219,772,Electronics,459.12,1,2025-03-21 14:59:58.897063,2025-03-26 14:59:58.897063,Delivered,Google Pay,Tablet,Paid Search,"850 Schwartz Avenue Apt. 279, Dicksonview, New Mexico 57860",VIP,459.12,2025-03,2025,Friday,5.0,2025-03,Mar-2025
ce431a8b-e220-4491-b36a-e5832cb00e2b,2856,29,Clothing,417.95,1,2024-11-16 14:59:58.897063,2024-11-17 14:59:58.897063,Delivered,Google Pay,Tablet,Paid Search,"100 Jones Avenue Suite 732, Pennyborough, Montana 47284",Returning,417.95,2024-11,2024,Saturday,1.0,2024-11,Nov-2024
5bb7ae33-f286-439a-b876-5b23f77868e0,285,473,Toys,469.52,3,2024-11-22 14:59:58.897063,2024-11-27 14:59:58.897063,Returned,Debit Card,Mobile,Organic,"17532 Jerry Inlet Suite 850, Mitchellberg, North Dakota 37797",VIP,1408.56,2024-11,2024,Friday,5.0,2024-11,Nov-2024
31643eae-0c75-4704-a0e7-b5156c2caef1,1653,49,Clothing,454.16,2,2025-02-24 14:59:58.897063,2025-02-27 14:59:58.897063,Delivered,Debit Card,Mobile,Social,"815 Samuel Ford, New Josephport, Mississippi 08113",Returning,908.32,2025-02,2025,Monday,3.0,2025-02,Feb-2025
30904805-24ff-42bb-a2c2-905f08d97c3b,290,479,Electronics,448.61,2,2024-11-06 14:59:58.897063,2024-11-08 14:59:58.897063,Delivered,Credit Card,Tablet,Email,"99532 Thompson Route, East Isaiahmouth, Louisiana 71585",VIP,897.22,2024-11,2024,Wednesday,2.0,2024-11,Nov-2024
80c9f787-8e13-42e8-8110-27155d053424,2700,425,Electronics,337.71,3,2024-07-17 14:59:58.897063,2024-07-21 14:59:58.897063,Delivered,PayPal,Desktop,Organic,"373 Jessica Springs, Port Cherylstad, New Jersey 24735",Returning,1013.1299999999999,2024-07,2024,Wednesday,4.0,2024-07,Jul-2024
b5f44881-4e98-40dc-8b48-2a216f533e45,1085,753,Books,332.14,2,2024-10-16 14:59:58.897063,2024-10-22 14:59:58.897063,Delivered,Credit Card,Desktop,Social,"88372 Anthony Turnpike, Randyland, Ohio 59919",Returning,664.28,2024-10,2024,Wednesday,6.0,2024-10,Oct-2024
3a6a2c37-bf64-4175-b622-5b6cfd0e74e7,2114,719,Toys,103.78,1,2024-06-12 14:59:58.897063,2024-06-19 14:59:58.897063,Delivered,Credit Card,Tablet,Organic,"07665 Ronald Mission Apt. 107, North Sylviachester, Oregon 88552",Returning,103.78,2024-06,2024,Wednesday,7.0,2024-06,Jun-2024
918f5962-41d7-4bfc-bb2c-8cdf22c77e85,2576,751,Electronics,33.9,2,2024-07-11 14:59:58.897063,2024-07-17 14:59:58.897063,Shipped,Apple Pay,Mobile,Email,"91652 Hess Port Apt. 305, North Teresaview, Alabama 66578",New,67.8,2024-07,2024,Thursday,6.0,2024-07,Jul-2024
3f997e68-e844-46ba-9900-aa1546c82441,741,357,Home,279.57,3,2024-07-22 14:59:58.897063,2024-07-28 14:59:58.897063,Shipped,Apple Pay,Desktop,Organic,"915 Perez Mills Suite 203, Matthewston, Pennsylvania 05188",VIP,838.71,2024-07,2024,Monday,6.0,2024-07,Jul-2024
8264a070-103a-4127-be3f-1b5180cf9203,2721,447,Electronics,488.84,1,2024-07-21 14:59:58.897063,2024-07-27 14:59:58.897063,Shipped,Google Pay,Mobile,Email,"5056 Barrera Lodge, Port Jerryborough, Georgia 50680",Returning,488.84,2024-07,2024,Sunday,6.0,2024-07,Jul-2024
f78b7491-edbb-4233-81a5-cfff58e627a4,443,513,Clothing,200.51,3,2024-12-20 14:59:58.897063,2024-12-24 14:59:58.897063,Shipped,Credit Card,Tablet,Email,"74845 Bell Cape, West Teresaborough, Connecticut 77980",VIP,601.53,2024-12,2024,Friday,4.0,2024-12,Dec-2024
eb972914-28f8-4a9a-afd1-92f36728417a,953,513,Electronics,248.33,2,2025-02-15 14:59:58.897063,2025-02-20 14:59:58.897063,Pending,Credit Card,Mobile,Paid Search,"116 Michael Meadows Apt. 688, Ryanport, Arkansas 71805",Returning,496.66,2025-02,2025,Saturday,5.0,2025-02,Feb-2025
d55735b5-7525-4c89-aa1f-a0660234fed6,236,871,Books,322.05,2,2025-03-06 14:59:58.897063,2025-03-10 14:59:58.897063,Delivered,Google Pay,Desktop,Organic,"2733 Cheyenne Junctions Suite 845, Amymouth, Hawaii 14800",VIP,644.1,2025-03,2025,Thursday,4.0,2025-03,Mar-2025
0648a35d-2342-43d4-8ac6-3861b703eb10,2029,747,Toys,282.06,2,2024-10-12 14:59:58.897063,2024-10-17 14:59:58.897063,Shipped,Debit Card,Tablet,Organic,"504 Curtis Forges Apt. 217, Kimberlybury, Arizona 86343",Returning,564.12,2024-10,2024,Saturday,5.0,2024-10,Oct-2024
44a110c9-6277-40d6-adbf-c3169ccfd4c3,399,407,Toys,400.34,3,2025-02-08 14:59:58.897063,2025-02-12 14:59:58.897063,Pending,Credit Card,Mobile,Paid Search,"772 Donald Ridges, Smithmouth, Idaho 88994",VIP,1201.02,2025-02,2025,Saturday,4.0,2025-02,Feb-2025
e8739469-98e0-430d-855f-4d05e500e980,1415,35,Electronics,414.42,2,2025-03-09 14:59:58.897063,2025-03-12 14:59:58.897063,Delivered,Credit Card,Mobile,Paid Search,"03426 Valerie Place Suite 962, Danielville, Tennessee 99188",Returning,828.84,2025-03,2025,Sunday,3.0,2025-03,Mar-2025
0757616d-f159-495b-bc94-8bd14ba9cdff,12,988,Clothing,412.31,1,2024-05-27 14:59:58.897063,2024-05-28 14:59:58.897063,Delivered,Credit Card,Tablet,Email,"399 Brown Field, East Tiffanymouth, Oklahoma 49047",VIP,412.31,2024-05,2024,Monday,1.0,2024-05,May-2024
ab79b2cc-0ec1-4207-b612-d48a4e703c44,1860,893,Home,362.63,1,2024-08-04 14:59:58.897063,2024-08-10 14:59:58.897063,Delivered,PayPal,Mobile,Social,"802 Murphy Overpass, Aprilview, Minnesota 70607",VIP,362.63,2024-08,2024,Sunday,6.0,2024-08,Aug-2024
31ac7f64-7a12-453a-a08c-314f73038045,2073,766,Books,189.17,1,2025-02-22 14:59:58.897063,2025-02-27 14:59:58.897063,Delivered,PayPal,Mobile,Paid Search,"12542 Briggs Hollow, Blackburnbury, Missouri 79060",Returning,189.17,2025-02,2025,Saturday,5.0,2025-02,Feb-2025
2ae3a2db-effe-493d-8a69-02d46f99a277,1013,977,Home,317.57,2,2024-08-15 14:59:58.897063,2024-08-19 14:59:58.897063,Returned,Debit Card,Tablet,Paid Search,"2515 Paul Curve, Isaacburgh, Massachusetts 65714",Returning,635.14,2024-08,2024,Thursday,4.0,2024-08,Aug-2024
53073b51-706e-4560-ab3e-52a900efb54a,2193,894,Toys,269.35,3,2025-03-23 14:59:58.897063,2025-03-28 14:59:58.897063,Returned,PayPal,Tablet,Email,"53825 Larson Road, Ericburgh, Idaho 47726",Returning,808.0500000000001,2025-03,2025,Sunday,5.0,2025-03,Mar-2025
e4c69b12-056a-4bc3-860f-ff3a3f59ff83,415,621,Books,146.99,4,2024-10-19 14:59:58.897063,2024-10-22 14:59:58.897063,Delivered,Credit Card,Mobile,Social,"8854 Jones Courts, Port Louis, Pennsylvania 78475",Returning,587.96,2024-10,2024,Saturday,3.0,2024-10,Oct-2024
85561c59-0657-4ca5-81f4-50a750e488b2,1648,211,Home,422.06,3,2024-10-27 14:59:58.897063,2024-10-28 14:59:58.897063,Delivered,Google Pay,Mobile,Email,"6319 Bruce Pass, Jennifermouth, Arizona 41639",New,1266.18,2024-10,2024,Sunday,1.0,2024-10,Oct-2024
2da47bef-a2b3-4ceb-b44b-90590c1da2b8,1907,643,Clothing,19.83,3,2024-06-04 14:59:58.897063,2024-06-09 14:59:58.897063,Delivered,Credit Card,Desktop,Social,"4316 Jason Springs Apt. 550, Stevenville, Georgia 74457",New,59.489999999999995,2024-06,2024,Tuesday,5.0,2024-06,Jun-2024
92bbd640-1655-45bf-ba80-6a7f8bfd4806,462,331,Beauty,66.75,3,2024-09-04 14:59:58.897063,2024-09-06 14:59:58.897063,Delivered,PayPal,Desktop,Organic,"50215 Lisa Hills Suite 728, Christopherside, Utah 92525",VIP,200.25,2024-09,2024,Wednesday,2.0,2024-09,Sep-2024
10912ed6-61e6-4136-9197-cad97893008a,2,163,Books,18.59,3,2025-03-25 14:59:58.897063,2025-04-01 14:59:58.897063,Returned,Debit Card,Desktop,Email,"18770 King Knoll Suite 291, North Crystalberg, Arkansas 89677",VIP,55.769999999999996,2025-03,2025,Tuesday,7.0,2025-03,Mar-2025
483c517a-39cd-4da7-8eda-ff2d9c5d7a5e,1094,754,Books,302.03,1,2024-10-31 14:59:58.897063,2024-11-06 14:59:58.897063,Shipped,Credit Card,Tablet,Organic,"8308 Stewart Fords, New Tonya, Utah 79062",Returning,302.03,2024-10,2024,Thursday,6.0,2024-10,Oct-2024
0a46aa7d-c2e8-441b-904a-3cc0acb78cd9,1232,743,Beauty,295.95,3,2024-12-04 14:59:58.897063,2024-12-07 14:59:58.897063,Shipped,Google Pay,Desktop,Social,"81827 Perry Stravenue, East Brittany, Massachusetts 14588",Returning,887.8499999999999,2024-12,2024,Wednesday,3.0,2024-12,Dec-2024
e94eef03-f777-422a-8414-6a4e36fe6810,597,122,Home,480.22,1,2024-06-21 14:59:58.897063,2024-06-23 14:59:58.897063,Shipped,Credit Card,Tablet,Organic,"59708 Abigail Dale, East Tanner, Georgia 85932",Returning,480.22,2024-06,2024,Friday,2.0,2024-06,Jun-2024
af38aa85-3847-4703-8eeb-8234648c1230,491,212,Toys,173.1,1,2025-01-22 14:59:58.897063,2025-01-27 14:59:58.897063,Pending,Apple Pay,Desktop,Paid Search,"6646 Washington Path, Shafferhaven, Delaware 09504",Returning,173.1,2025-01,2025,Wednesday,5.0,2025-01,Jan-2025
d18dfd05-2d86-43f3-81ad-d92e1388ec5c,202,542,Books,486.47,1,2025-01-29 14:59:58.897063,2025-01-30 14:59:58.897063,Shipped,PayPal,Desktop,Paid Search,"5078 Sheri Garden, North Cynthiamouth, Rhode Island 82589",Returning,486.47,2025-01,2025,Wednesday,1.0,2025-01,Jan-2025
12b80d0f-ff49-433b-88bb-d605d4d1388a,486,577,Electronics,426.82,1,2024-08-23 14:59:58.897063,2024-08-28 14:59:58.897063,Delivered,Google Pay,Tablet,Social,"42812 Bonilla Point, North Nancyland, Missouri 44342",VIP,426.82,2024-08,2024,Friday,5.0,2024-08,Aug-2024
00a4489f-9eb5-4322-8566-d487ef66b869,1950,953,Toys,366.08,1,2024-05-26 14:59:58.897063,2024-05-27 14:59:58.897063,Delivered,Google Pay,Mobile,Social,"72586 Rivera Freeway Apt. 668, East Lisamouth, Vermont 82771",Returning,366.08,2024-05,2024,Sunday,1.0,2024-05,May-2024
8be08cd9-d3a7-44be-ae5e-5538cd152f06,1615,995,Toys,407.34,1,2024-07-24 14:59:58.897063,2024-07-31 14:59:58.897063,Delivered,PayPal,Desktop,Email,"2258 Lindsey Gateway Suite 406, Stephaniebury, Kentucky 30791",Returning,407.34,2024-07,2024,Wednesday,7.0,2024-07,Jul-2024
7fb4f046-8ea4-4146-96c3-4a9ca766c9ec,352,823,Clothing,278.23,4,2024-10-03 14:59:58.897063,2024-10-06 14:59:58.897063,Delivered,Credit Card,Mobile,Email,"025 Kenneth Trafficway, West Ryanbury, Virginia 56112",VIP,1112.92,2024-10,2024,Thursday,3.0,2024-10,Oct-2024
3ac0eb47-a881-48dd-80e2-e57251e2509f,85,642,Electronics,350.11,4,2024-05-02 14:59:58.897063,2024-05-04 14:59:58.897063,Delivered,PayPal,Desktop,Organic,"16781 Richards Coves Suite 111, New Sarahton, Utah 92363",VIP,1400.44,2024-05,2024,Thursday,2.0,2024-05,May-2024
e716ec14-19b2-458f-9eac-9ddb520118aa,37,761,Beauty,105.94,5,2024-10-08 14:59:58.897063,2024-10-10 14:59:58.897063,Delivered,Debit Card,Desktop,Social,"643 Schaefer Spring Apt. 334, Smithport, Kansas 51450",VIP,529.7,2024-10,2024,Tuesday,2.0,2024-10,Oct-2024
9eb82821-1358-4941-8db0-f4523548aa7e,455,406,Home,370.99,1,2025-01-12 14:59:58.897063,2025-01-15 14:59:58.897063,Delivered,PayPal,Mobile,Organic,"9992 Margaret Mews, Sharonmouth, Colorado 10200",VIP,370.99,2025-01,2025,Sunday,3.0,2025-01,Jan-2025
4b7d0b7f-7152-4c1a-b2aa-fd753d34eb08,1055,819,Beauty,498.15,1,2024-06-15 14:59:58.897063,2024-06-22 14:59:58.897063,Delivered,Debit Card,Mobile,Organic,"8010 Jeffrey Shoals, Jefferyberg, Mississippi 60795",VIP,498.15,2024-06,2024,Saturday,7.0,2024-06,Jun-2024
cb393b71-2d9d-46e1-9409-54d08fc82cf6,2795,202,Books,413.66,4,2024-06-04 14:59:58.897063,2024-06-09 14:59:58.897063,Delivered,Debit Card,Tablet,Email,"8667 Thomas Pike, West Cynthiastad, South Dakota 91131",VIP,1654.64,2024-06,2024,Tuesday,5.0,2024-06,Jun-2024
31f2ec6d-a894-4682-ad2f-a82ab5e7ba1f,4,461,Electronics,239.03,6,2025-01-26 14:59:58.897063,2025-01-29 14:59:58.897063,Shipped,Apple Pay,Tablet,Organic,"6862 Hanna Freeway Apt. 760, North Miranda, Pennsylvania 91298",VIP,1434.18,2025-01,2025,Sunday,3.0,2025-01,Jan-2025
b148957b-7408-42f2-8d16-4743f344df00,2002,265,Home,237.11,1,2024-10-03 14:59:58.897063,2024-10-07 14:59:58.897063,Delivered,Credit Card,Tablet,Social,"098 Meagan Oval Apt. 699, Port Joseph, Missouri 79090",Returning,237.11,2024-10,2024,Thursday,4.0,2024-10,Oct-2024
fc2d3778-20ed-4b70-8c19-af54d8c27a09,2736,955,Toys,292.52,4,2025-02-12 14:59:58.897063,2025-02-14 14:59:58.897063,Delivered,Google Pay,Mobile,Social,"09096 Nancy Spring, Anthonyton, Oregon 62881",Returning,1170.08,2025-02,2025,Wednesday,2.0,2025-02,Feb-2025
c843f613-70d0-457c-bd54-fdf898e634d4,44,740,Beauty,145.71,4,2024-10-10 14:59:58.897063,2024-10-17 14:59:58.897063,Returned,Credit Card,Desktop,Paid Search,"310 Doyle Hills Suite 218, Port Lukehaven, Hawaii 68168",VIP,582.84,2024-10,2024,Thursday,7.0,2024-10,Oct-2024
e487e9de-8b50-43c7-9a4f-4410fd4b5c2c,678,465,Books,214.75,4,2024-06-03 14:59:58.897063,2024-06-07 14:59:58.897063,Delivered,Apple Pay,Desktop,Email,"4160 Mary Turnpike Apt. 350, Toddfort, Montana 94537",VIP,859.0,2024-06,2024,Monday,4.0,2024-06,Jun-2024
2076c07c-560f-40ad-9796-9a04697ceaa8,2068,266,Clothing,19.4,3,2025-02-10 14:59:58.897063,2025-02-12 14:59:58.897063,Delivered,Credit Card,Desktop,Social,"8966 Blair Alley, Lake Samanthaville, Alaska 19728",Returning,58.199999999999996,2025-02,2025,Monday,2.0,2025-02,Feb-2025
5f81264f-3256-44bb-8c13-464e93533058,194,194,Toys,18.47,3,2025-04-16 14:59:58.897063,2025-04-17 14:59:58.897063,Delivered,Google Pay,Desktop,Organic,"753 Hannah Flat, Lake Amber, Washington 74574",VIP,55.41,2025-04,2025,Wednesday,1.0,2025-04,Apr-2025
15e75745-b2b1-4b0e-a79e-2bbc794d667b,1,558,Clothing,438.85,1,2024-07-16 14:59:58.897063,2024-07-23 14:59:58.897063,Delivered,Google Pay,Mobile,Organic,"611 Salazar Field, Hughesside, Pennsylvania 58617",VIP,438.85,2024-07,2024,Tuesday,7.0,2024-07,Jul-2024
a8b22331-5d97-496e-9f19-0b25d02b4820,633,397,Clothing,360.87,1,2024-05-14 14:59:58.897063,2024-05-20 14:59:58.897063,Delivered,Apple Pay,Mobile,Social,"4153 Lindsey Track Suite 102, Port Deanfurt, Michigan 98513",Returning,360.87,2024-05,2024,Tuesday,6.0,2024-05,May-2024
c03f142f-7b14-438e-b1ad-3f27bbe4d0aa,358,613,Home,11.25,1,2024-08-05 14:59:58.897063,2024-08-06 14:59:58.897063,Delivered,Apple Pay,Desktop,Paid Search,"5369 Brandi Cliffs Apt. 146, East Karenton, California 46064",VIP,11.25,2024-08,2024,Monday,1.0,2024-08,Aug-2024
d65d2b91-f0b9-49d6-a9e6-b728140a5cf3,701,872,Toys,392.59,3,2025-04-07 14:59:58.897063,2025-04-09 14:59:58.897063,Returned,Credit Card,Tablet,Email,"69787 Lawrence Flats Suite 873, Port Dylan, Oregon 41792",Returning,1177.77,2025-04,2025,Monday,2.0,2025-04,Apr-2025
78e0bfc3-b143-44a4-ac8f-200ce8b6b3e4,1408,586,Books,240.21,2,2025-01-08 14:59:58.897063,2025-01-12 14:59:58.897063,Shipped,Credit Card,Mobile,Social,"5437 Lisa Valleys Apt. 476, Donnaport, Maine 07779",Returning,480.42,2025-01,2025,Wednesday,4.0,2025-01,Jan-2025
0784ea8b-8192-4fa7-9ab0-614b38c016c5,8,530,Clothing,179.24,1,2025-04-06 14:59:58.897063,2025-04-08 14:59:58.897063,Delivered,Credit Card,Desktop,Organic,"16331 Jennifer Villages, East Tonya, Alaska 80547",VIP,179.24,2025-04,2025,Sunday,2.0,2025-04,Apr-2025
af6415c5-3a9d-40d1-8ccc-55d149ec9213,1123,328,Clothing,89.61,4,2024-10-27 14:59:58.897063,2024-10-29 14:59:58.897063,Delivered,PayPal,Desktop,Organic,"675 Christopher Harbor Apt. 323, Marytown, Louisiana 81381",Returning,358.44,2024-10,2024,Sunday,2.0,2024-10,Oct-2024
a82ae97a-f4b3-4bcb-a68d-b9882f81c185,886,896,Electronics,180.8,5,2025-04-13 14:59:58.897063,2025-04-18 14:59:58.897063,Delivered,Google Pay,Tablet,Paid Search,"83464 Amber Land, North Garychester, Illinois 25296",Returning,904.0,2025-04,2025,Sunday,5.0,2025-04,Apr-2025
7eac43af-68f5-4011-976e-a8bcf30dba8a,132,745,Electronics,402.19,1,2024-05-11 14:59:58.897063,2024-05-16 14:59:58.897063,Delivered,PayPal,Desktop,Email,"01719 Gregory Grove Apt. 019, Melissastad, Pennsylvania 64378",VIP,402.19,2024-05,2024,Saturday,5.0,2024-05,May-2024
d92ed588-c86b-4553-96bd-ab14fd5f3bc9,49,546,Electronics,197.54,2,2024-07-13 14:59:58.897063,2024-07-16 14:59:58.897063,Shipped,PayPal,Mobile,Email,"479 Jackson Locks, West Janeland, Missouri 05249",VIP,395.08,2024-07,2024,Saturday,3.0,2024-07,Jul-2024
fd3deaec-a8e4-4a6f-9fb9-947e8548ca60,5,80,Books,362.17,1,2024-10-25 14:59:58.897063,2024-10-31 14:59:58.897063,Delivered,Google Pay,Mobile,Email,"61123 Brittany Island Apt. 082, Chasefort, North Dakota 36120",VIP,362.17,2024-10,2024,Friday,6.0,2024-10,Oct-2024
bccd71ee-f927-4391-b37a-5b14c8d585cf,85,95,Home,44.28,1,2024-04-27 14:59:58.897063,2024-04-28 14:59:58.897063,Delivered,Google Pay,Tablet,Organic,"842 Ashley Route, Courtneyfurt, North Dakota 82961",VIP,44.28,2024-04,2024,Saturday,1.0,2024-04,Apr-2024
6120b420-a9ff-43d7-a850-fbac2fbb2585,238,815,Electronics,491.6,2,2024-09-22 14:59:58.897063,2024-09-25 14:59:58.897063,Delivered,Apple Pay,Desktop,Social,"4488 Rodney Island Suite 176, Laurieland, Arizona 39810",VIP,983.2,2024-09,2024,Sunday,3.0,2024-09,Sep-2024
a97c38d7-ee28-4d9c-9820-7d5c14db6c17,10,271,Electronics,292.33,1,2025-03-15 14:59:58.897063,2025-03-16 14:59:58.897063,Delivered,Apple Pay,Tablet,Paid Search,"0921 Rebekah Port Suite 775, Hernandezborough, North Dakota 29011",VIP,292.33,2025-03,2025,Saturday,1.0,2025-03,Mar-2025
9b687fe2-221d-4de1-bd21-b8a7c605aeb1,180,697,Clothing,419.05,1,2024-05-01 14:59:58.897063,2024-05-07 14:59:58.897063,Delivered,Apple Pay,Desktop,Email,"2035 Paul Skyway Apt. 186, North Katherinehaven, North Dakota 28334",VIP,419.05,2024-05,2024,Wednesday,6.0,2024-05,May-2024
e3369d9c-58b2-4e82-88f2-502638e0f4a3,90,609,Clothing,152.75,1,2025-04-19 14:59:58.897063,2025-04-22 14:59:58.897063,Delivered,PayPal,Tablet,Email,"8352 Brown Forge Suite 602, East Rebecca, Wyoming 25721",VIP,152.75,2025-04,2025,Saturday,3.0,2025-04,Apr-2025
b0fe4166-8e60-48b7-b56a-0b2a941878ac,815,425,Beauty,444.53,3,2025-01-15 14:59:58.897063,2025-01-19 14:59:58.897063,Shipped,Google Pay,Tablet,Email,"83387 Bruce Expressway, Shaneton, New Mexico 26137",Returning,1333.59,2025-01,2025,Wednesday,4.0,2025-01,Jan-2025
70cddd62-66e8-419f-9bd3-55e6519f37e4,1061,646,Clothing,148.69,2,2024-06-21 14:59:58.897063,2024-06-22 14:59:58.897063,Returned,Google Pay,Tablet,Organic,"851 Smith Rapid Suite 962, Juliechester, Colorado 73118",VIP,297.38,2024-06,2024,Friday,1.0,2024-06,Jun-2024
1dd9368f-4564-43fb-8de6-a4f48282b414,119,935,Home,368.99,3,2025-03-21 14:59:58.897063,2025-03-27 14:59:58.897063,Delivered,Credit Card,Mobile,Social,"02542 Jason Well, Lloydside, North Carolina 60555",VIP,1106.97,2025-03,2025,Friday,6.0,2025-03,Mar-2025
d773b42c-fd67-4288-8eca-53149218b271,2880,319,Beauty,84.05,1,2024-12-02 14:59:58.897063,2024-12-05 14:59:58.897063,Delivered,Debit Card,Desktop,Organic,"85226 Johnson Crescent Apt. 132, West Leeburgh, California 60445",Returning,84.05,2024-12,2024,Monday,3.0,2024-12,Dec-2024
af9dcef2-ae35-412d-9d58-d8fd072cc4cb,1087,436,Beauty,75.24,4,2025-02-04 14:59:58.897063,2025-02-05 14:59:58.897063,Delivered,Apple Pay,Tablet,Email,"03351 Edward Rapid, Stewarttown, Missouri 12860",New,300.96,2025-02,2025,Tuesday,1.0,2025-02,Feb-2025
826b61d5-af65-484d-ac5f-983a601e06df,281,789,Toys,458.9,2,2024-09-21 14:59:58.897063,2024-09-25 14:59:58.897063,Delivered,Debit Card,Tablet,Email,"5249 Craig Lake Suite 790, East Thomaschester, Minnesota 75695",VIP,917.8,2024-09,2024,Saturday,4.0,2024-09,Sep-2024
bc430ee6-1e9d-4534-9d70-5f3fdb5c73fc,619,764,Clothing,386.23,1,2024-10-02 14:59:58.897063,2024-10-05 14:59:58.897063,Delivered,PayPal,Tablet,Email,"5133 George Corner, Johnchester, South Dakota 76193",Returning,386.23,2024-10,2024,Wednesday,3.0,2024-10,Oct-2024
4ef6e6e3-8b2c-4909-a6dd-f56aed3a61f9,327,46,Beauty,274.69,3,2025-01-04 14:59:58.897063,2025-01-09 14:59:58.897063,Pending,PayPal,Tablet,Email,"40190 Gerald Mills, New Paulstad, Maryland 78797",VIP,824.0699999999999,2025-01,2025,Saturday,5.0,2025-01,Jan-2025
3237e90b-8f1c-4389-aa6f-9f3756688329,382,886,Beauty,323.05,2,2024-10-28 14:59:58.897063,2024-10-30 14:59:58.897063,Shipped,PayPal,Desktop,Email,"91535 Wallace Squares, Port Lawrence, Montana 02799",VIP,646.1,2024-10,2024,Monday,2.0,2024-10,Oct-2024
45348efe-edcc-4804-bdab-e02ab16d1cde,20,413,Home,126.0,5,2025-02-09 14:59:58.897063,2025-02-15 14:59:58.897063,Delivered,PayPal,Tablet,Social,"431 Ross Trace, Hobury, California 44983",VIP,630.0,2025-02,2025,Sunday,6.0,2025-02,Feb-2025
02e760be-1103-480b-89df-0aa9708bd17e,955,546,Books,448.71,3,2025-04-13 14:59:58.897063,2025-04-19 14:59:58.897063,Shipped,Apple Pay,Tablet,Email,"76446 Glen Place Suite 432, Laurastad, Wyoming 79457",Returning,1346.1299999999999,2025-04,2025,Sunday,6.0,2025-04,Apr-2025
04e261dd-b001-4f5e-913d-39973197c009,2980,59,Books,225.36,1,2025-01-31 14:59:58.897063,2025-02-04 14:59:58.897063,Delivered,PayPal,Tablet,Email,"5138 Conner Brook, North Ronaldfurt, Idaho 30957",New,225.36,2025-01,2025,Friday,4.0,2025-01,Jan-2025
31525904-5e19-47dd-a277-8fb7c5ad4ec5,37,908,Beauty,231.15,3,2024-10-05 14:59:58.897063,2024-10-09 14:59:58.897063,Delivered,PayPal,Desktop,Organic,"3592 Devin Landing, Ruthstad, Tennessee 53841",VIP,693.45,2024-10,2024,Saturday,4.0,2024-10,Oct-2024
d6eed4ee-5ddf-48d9-b6b5-3142aef357a4,2646,525,Electronics,110.82,1,2024-09-21 14:59:58.897063,2024-09-25 14:59:58.897063,Delivered,PayPal,Tablet,Organic,"509 Roy Islands, Port Melissa, Kentucky 09338",Returning,110.82,2024-09,2024,Saturday,4.0,2024-09,Sep-2024
8dbb0061-ca1f-4e08-a47a-fe35b6cabfcf,1608,800,Electronics,37.35,4,2025-03-26 14:59:58.897063,2025-03-29 14:59:58.897063,Shipped,Google Pay,Tablet,Paid Search,"317 Eric Oval, Nicholasmouth, Oklahoma 70055",VIP,149.4,2025-03,2025,Wednesday,3.0,2025-03,Mar-2025
7f3151b1-1f6e-49f8-980d-4ff02b1539fd,2093,927,Clothing,455.28,2,2024-12-26 14:59:58.897063,2024-12-31 14:59:58.897063,Delivered,Debit Card,Desktop,Social,"386 Nelson Bridge, New Kathleenfort, Utah 18608",Returning,910.56,2024-12,2024,Thursday,5.0,2024-12,Dec-2024
30ba761d-0f6f-476a-9de9-5da15deccb66,1,488,Toys,151.76,2,2025-01-27 14:59:58.897063,2025-02-03 14:59:58.897063,Delivered,Google Pay,Tablet,Organic,"9400 Nicole Lake Suite 808, Larsenchester, Mississippi 52997",VIP,303.52,2025-01,2025,Monday,7.0,2025-01,Jan-2025
816730ab-3f7d-4311-acdf-eb313c868f54,122,62,Clothing,205.87,2,2025-01-31 14:59:58.897063,2025-02-04 14:59:58.897063,Shipped,Google Pay,Desktop,Paid Search,"6513 Richardson Lodge, Cookmouth, Delaware 87915",VIP,411.74,2025-01,2025,Friday,4.0,2025-01,Jan-2025
c5724722-dc90-4f77-9102-096a537b8bb6,356,960,Books,326.28,4,2025-03-10 14:59:58.897063,2025-03-14 14:59:58.897063,Delivered,Google Pay,Mobile,Organic,"5279 Roman Islands, North Markfurt, New Mexico 94996",VIP,1305.12,2025-03,2025,Monday,4.0,2025-03,Mar-2025
a6c0029d-20dc-43ae-9574-b5e427d0b0dc,78,590,Home,127.1,6,2025-04-18 14:59:58.897063,2025-04-25 14:59:58.897063,Shipped,PayPal,Tablet,Email,"4616 William Branch Apt. 051, Youngfort, Maine 76947",VIP,762.5999999999999,2025-04,2025,Friday,7.0,2025-04,Apr-2025
09b9c130-6dba-4719-997c-7d38d07dadb5,222,6,Electronics,319.96,2,2024-10-24 14:59:58.897063,2024-10-27 14:59:58.897063,Shipped,Debit Card,Desktop,Social,"14231 Lucas Ports Suite 925, South Pamela, Minnesota 75341",VIP,639.92,2024-10,2024,Thursday,3.0,2024-10,Oct-2024
68b792fb-26eb-40b4-8123-800571e2ae95,2710,330,Toys,268.75,3,2024-06-12 14:59:58.897063,2024-06-13 14:59:58.897063,Delivered,Debit Card,Tablet,Paid Search,"45780 Matthew Wells Suite 083, South Danielle, Mississippi 89865",Returning,806.25,2024-06,2024,Wednesday,1.0,2024-06,Jun-2024
ddaa04fb-cde7-40e7-83dd-418649d207e6,758,499,Books,499.23,1,2024-05-29 14:59:58.897063,2024-05-30 14:59:58.897063,Delivered,Google Pay,Desktop,Organic,"5403 Donovan Causeway Suite 708, Josephbury, New Jersey 98314",VIP,499.23,2024-05,2024,Wednesday,1.0,2024-05,May-2024
27de07c4-f03a-4dd5-9632-655e96603b7d,702,752,Books,375.08,2,2024-10-20 14:59:58.897063,2024-10-25 14:59:58.897063,Delivered,Credit Card,Tablet,Social,"1803 Young Lane, West Emily, Illinois 21781",Returning,750.16,2024-10,2024,Sunday,5.0,2024-10,Oct-2024
b725ad97-6661-4a26-a42b-4e135017967e,1102,790,Books,268.2,2,2024-10-13 14:59:58.897063,2024-10-16 14:59:58.897063,Delivered,Apple Pay,Tablet,Organic,"6034 Evan Harbors Apt. 693, East Rachelton, Tennessee 31058",Returning,536.4,2024-10,2024,Sunday,3.0,2024-10,Oct-2024
6355bfd9-5829-4b05-b60f-20d643609455,238,592,Beauty,393.06,1,2024-05-03 14:59:58.897063,2024-05-08 14:59:58.897063,Returned,PayPal,Tablet,Paid Search,"1469 Denise Camp, New Monicashire, Tennessee 65343",VIP,393.06,2024-05,2024,Friday,5.0,2024-05,May-2024
653c1ec3-d467-466b-b8f9-219f7503df13,1730,151,Toys,453.36,3,2024-09-28 14:59:58.897063,2024-10-05 14:59:58.897063,Delivered,PayPal,Mobile,Social,"265 Brian Curve, East Jason, Florida 77838",VIP,1360.08,2024-09,2024,Saturday,7.0,2024-09,Sep-2024
17290a9e-a83e-4ec1-91d1-bd02c99b1530,1857,358,Clothing,85.59,2,2024-12-28 14:59:58.897063,2024-12-31 14:59:58.897063,Delivered,Credit Card,Tablet,Organic,"3808 Cohen Union Apt. 684, Ericaberg, New Hampshire 42175",VIP,171.18,2024-12,2024,Saturday,3.0,2024-12,Dec-2024
f2a92275-cdb1-403a-a675-0d3dd66f057f,445,54,Books,91.88,3,2024-09-16 14:59:58.897063,2024-09-20 14:59:58.897063,Delivered,Apple Pay,Mobile,Organic,"564 Andrew Spring Apt. 702, West Shannon, Oklahoma 20062",Returning,275.64,2024-09,2024,Monday,4.0,2024-09,Sep-2024
55b50cf9-a5a0-4995-b473-513988ab2615,103,1000,Electronics,218.3,1,2024-10-13 14:59:58.897063,2024-10-15 14:59:58.897063,Delivered,PayPal,Desktop,Social,"1505 Courtney Wall Suite 134, South Codyton, Tennessee 74681",VIP,218.3,2024-10,2024,Sunday,2.0,2024-10,Oct-2024
9f342660-81a8-4311-99cc-4cc8af83bec7,615,156,Clothing,356.27,1,2024-11-15 14:59:58.897063,2024-11-18 14:59:58.897063,Delivered,Credit Card,Tablet,Social,"7365 Moreno Cape, New John, Washington 10374",VIP,356.27,2024-11,2024,Friday,3.0,2024-11,Nov-2024
edb3ccf9-cd5c-4dd7-9d8b-9bce64a4c27a,1789,765,Clothing,347.21,3,2024-08-30 14:59:58.897063,2024-09-01 14:59:58.897063,Delivered,Debit Card,Mobile,Email,"02212 Gomez Mill Suite 918, West Daniel, Montana 16853",New,1041.6299999999999,2024-08,2024,Friday,2.0,2024-08,Aug-2024
2946a080-2d66-47d0-be3d-543d3fa1e666,2462,384,Beauty,216.23,1,2024-10-01 14:59:58.897063,2024-10-04 14:59:58.897063,Shipped,Debit Card,Mobile,Social,"2262 Donna Circle Suite 890, Paulamouth, Michigan 35414",Returning,216.23,2024-10,2024,Tuesday,3.0,2024-10,Oct-2024
983b18e9-ee1d-4530-a50e-002299f3b01a,279,203,Clothing,173.2,1,2024-10-11 14:59:58.897063,2024-10-17 14:59:58.897063,Delivered,Credit Card,Tablet,Social,"41257 Davis Stream, Michaelville, New Hampshire 09973",VIP,173.2,2024-10,2024,Friday,6.0,2024-10,Oct-2024
97de3e71-e9e1-4a79-8245-28339e3c2241,9,397,Home,29.41,1,2024-05-05 14:59:58.897063,2024-05-06 14:59:58.897063,Pending,Debit Card,Desktop,Email,"11119 Jon Stravenue Apt. 476, Meadowsville, Minnesota 28642",VIP,29.41,2024-05,2024,Sunday,1.0,2024-05,May-2024
01100fa3-e9dc-40d7-bcec-8885e08067b9,1295,286,Beauty,269.35,2,2024-12-20 14:59:58.897063,2024-12-27 14:59:58.897063,Delivered,Apple Pay,Desktop,Paid Search,"924 Fitzgerald Path Suite 931, Cannonmouth, Delaware 41561",Returning,538.7,2024-12,2024,Friday,7.0,2024-12,Dec-2024
610d8c56-6e1c-4db2-9002-31fc741d8cf6,2213,950,Books,84.38,3,2024-09-22 14:59:58.897063,2024-09-25 14:59:58.897063,Delivered,Google Pay,Tablet,Paid Search,"9370 Craig Meadow, Robertside, Delaware 74667",VIP,253.14,2024-09,2024,Sunday,3.0,2024-09,Sep-2024
a5a70fe8-fcfe-447d-8df2-7063fc1a45b4,893,776,Books,317.56,3,2024-09-25 14:59:58.897063,2024-09-27 14:59:58.897063,Delivered,Credit Card,Mobile,Paid Search,"04530 Andrea Lodge, Chavezport, New York 00698",Returning,952.6800000000001,2024-09,2024,Wednesday,2.0,2024-09,Sep-2024
011a4256-7bfa-4468-a06c-f48f186f98af,341,3,Books,342.88,1,2024-06-04 14:59:58.897063,2024-06-09 14:59:58.897063,Delivered,Debit Card,Mobile,Social,"970 David Wall Suite 065, East Richardmouth, Iowa 17617",VIP,342.88,2024-06,2024,Tuesday,5.0,2024-06,Jun-2024
06f2372f-d93c-4f3a-914b-73250543f346,2772,292,Home,321.89,1,2024-09-02 14:59:58.897063,2024-09-09 14:59:58.897063,Delivered,Debit Card,Desktop,Paid Search,"8874 Randall Lock, South Timothystad, Mississippi 01891",New,321.89,2024-09,2024,Monday,7.0,2024-09,Sep-2024
e36668f5-fdbd-4589-b631-034e26a597fa,707,83,Toys,104.68,2,2024-10-21 14:59:58.897063,2024-10-27 14:59:58.897063,Returned,Debit Card,Mobile,Social,"13450 Stone Mills Suite 632, West Shelby, New Mexico 60965",VIP,209.36,2024-10,2024,Monday,6.0,2024-10,Oct-2024
ee9f15a6-53f2-4ee2-9b19-cffadd3280c7,2057,941,Beauty,303.27,1,2024-08-14 14:59:58.897063,2024-08-17 14:59:58.897063,Delivered,Debit Card,Desktop,Email,"491 Hayes Rapid Apt. 846, West Zachary, Tennessee 61024",Returning,303.27,2024-08,2024,Wednesday,3.0,2024-08,Aug-2024
1a2c5cbd-66e4-4362-a648-f58c493f2627,462,429,Toys,73.85,1,2024-12-11 14:59:58.897063,2024-12-16 14:59:58.897063,Delivered,Debit Card,Tablet,Organic,"2072 Munoz Harbors Suite 247, East Bobbyburgh, Minnesota 84739",VIP,73.85,2024-12,2024,Wednesday,5.0,2024-12,Dec-2024
6812d3e2-74ad-4be7-9408-00496e967cd5,941,976,Books,427.6,1,2025-04-15 14:59:58.897063,2025-04-22 14:59:58.897063,Shipped,Apple Pay,Desktop,Paid Search,"4479 Jerry Common Apt. 563, Leblancmouth, Hawaii 29287",VIP,427.6,2025-04,2025,Tuesday,7.0,2025-04,Apr-2025
972aeee5-686f-4920-9614-d33e4f12a4cf,1450,895,Toys,255.46,3,2024-08-05 14:59:58.897063,2024-08-11 14:59:58.897063,Delivered,PayPal,Mobile,Social,"40978 Kimberly Unions Suite 014, Angelaview, Pennsylvania 89597",Returning,766.38,2024-08,2024,Monday,6.0,2024-08,Aug-2024
c16c358b-0967-41f6-ae8e-b9e45dc376c5,2793,148,Toys,209.84,1,2024-07-30 14:59:58.897063,2024-08-02 14:59:58.897063,Delivered,Google Pay,Mobile,Social,"964 Woods Lock, South Connie, Idaho 25175",Returning,209.84,2024-07,2024,Tuesday,3.0,2024-07,Jul-2024
45297552-afdf-4d69-8a27-1652be5b3237,1428,90,Home,390.92,3,2024-05-13 14:59:58.897063,2024-05-20 14:59:58.897063,Delivered,PayPal,Mobile,Email,"254 Amber Hills, South Keithburgh, Pennsylvania 80667",Returning,1172.76,2024-05,2024,Monday,7.0,2024-05,May-2024
ef9d577d-ebce-4a66-86ab-19125737e6ca,2361,67,Home,269.35,2,2024-05-02 14:59:58.897063,2024-05-06 14:59:58.897063,Delivered,PayPal,Tablet,Paid Search,"035 Moore Pass, New Cherylfurt, Ohio 79733",Returning,538.7,2024-05,2024,Thursday,4.0,2024-05,May-2024
547fd31c-d2a1-4660-a502-7dfbeeae8297,1000,9,Toys,217.78,3,2025-01-13 14:59:58.897063,2025-01-17 14:59:58.897063,Delivered,Google Pay,Tablet,Social,"3568 Steele Springs, South Gregoryfort, Alabama 99344",Returning,653.34,2025-01,2025,Monday,4.0,2025-01,Jan-2025
e712d27c-2ce0-4bac-be44-0667688ea57f,2920,300,Home,480.46,1,2024-08-07 14:59:58.897063,2024-08-12 14:59:58.897063,Delivered,PayPal,Desktop,Social,"313 Kristen Cliff, Sydneyshire, Alabama 41090",Returning,480.46,2024-08,2024,Wednesday,5.0,2024-08,Aug-2024
81d902fc-e3b7-4a81-b2d2-be95b4250035,727,35,Books,443.71,6,2024-06-30 14:59:58.897063,2024-07-01 14:59:58.897063,Delivered,Debit Card,Desktop,Organic,"06309 James Manor, Alexisland, Hawaii 46091",Returning,2662.2599999999998,2024-06,2024,Sunday,1.0,2024-06,Jun-2024
f1e424b4-7fea-47e3-9494-0fde7be14560,10,615,Beauty,105.02,3,2024-12-09 14:59:58.897063,2024-12-15 14:59:58.897063,Delivered,Debit Card,Mobile,Paid Search,"41535 Guzman Pine, Edwardshire, New Mexico 77263",VIP,315.06,2024-12,2024,Monday,6.0,2024-12,Dec-2024
5d76d665-0712-4422-9310-7b6de0239ad0,1588,400,Toys,298.09,2,2025-01-16 14:59:58.897063,2025-01-21 14:59:58.897063,Delivered,Credit Card,Tablet,Organic,"30205 Anna Island Suite 601, Barrytown, Iowa 64563",VIP,596.18,2025-01,2025,Thursday,5.0,2025-01,Jan-2025
18ca9156-e5fe-4578-a5bb-147b4733b54d,1719,838,Beauty,379.09,3,2025-02-20 14:59:58.897063,2025-02-26 14:59:58.897063,Shipped,Google Pay,Mobile,Paid Search,"88583 Erik Crossing, Port Brianside, Rhode Island 96815",Returning,1137.27,2025-02,2025,Thursday,6.0,2025-02,Feb-2025
fa003ded-d597-41b9-a508-99dd72fa675e,94,156,Beauty,281.04,1,2024-05-01 14:59:58.897063,2024-05-07 14:59:58.897063,Delivered,Apple Pay,Mobile,Social,"09537 Patrick Fields Apt. 825, Brownstad, Arizona 93000",VIP,281.04,2024-05,2024,Wednesday,6.0,2024-05,May-2024
496ca90d-cbd2-4987-b740-662d0e0724de,2722,655,Electronics,290.65,2,2024-06-22 14:59:58.897063,2024-06-29 14:59:58.897063,Delivered,PayPal,Mobile,Social,"495 Craig Grove, West Gerald, Maryland 19266",Returning,581.3,2024-06,2024,Saturday,7.0,2024-06,Jun-2024
f2fb6ed0-0504-469e-933f-a5fd2b1eb85a,108,923,Clothing,238.93,1,2025-01-03 14:59:58.897063,2025-01-07 14:59:58.897063,Delivered,Debit Card,Desktop,Social,"871 Ashley Hills Apt. 528, Smithshire, New Hampshire 55400",VIP,238.93,2025-01,2025,Friday,4.0,2025-01,Jan-2025
b828a97f-3687-440f-ad4a-7f05408c1be4,1039,852,Books,148.61,2,2024-05-27 14:59:58.897063,2024-05-31 14:59:58.897063,Delivered,Debit Card,Mobile,Email,"907 Kristie Gardens Apt. 534, North Gilberttown, New Jersey 55337",Returning,297.22,2024-05,2024,Monday,4.0,2024-05,May-2024
1b9e6cc2-4399-4b4a-9198-154122d32744,2168,569,Clothing,29.55,1,2025-03-13 14:59:58.897063,2025-03-16 14:59:58.897063,Delivered,PayPal,Tablet,Social,"105 Gabriella Mountains, North Tiffany, Texas 96366",Returning,29.55,2025-03,2025,Thursday,3.0,2025-03,Mar-2025
a1f4a76b-f2a2-43b7-9667-57fcc4d120f8,2405,287,Toys,141.21,3,2024-06-21 14:59:58.897063,2024-06-25 14:59:58.897063,Delivered,Apple Pay,Tablet,Social,"40846 Bobby Valleys Suite 661, New Stevenstad, Oregon 84430",Returning,423.63,2024-06,2024,Friday,4.0,2024-06,Jun-2024
0c28513e-4883-447b-8685-0cd8ef56bdf5,1543,308,Home,145.32,1,2025-02-24 14:59:58.897063,2025-02-26 14:59:58.897063,Delivered,Debit Card,Desktop,Email,"923 Stout Rapid, West Stevenburgh, Mississippi 61552",Returning,145.32,2025-02,2025,Monday,2.0,2025-02,Feb-2025
432d4b94-9b75-4c4b-9bbb-a01ed4ae0cc6,841,193,Electronics,390.45,1,2024-07-24 14:59:58.897063,2024-07-30 14:59:58.897063,Delivered,Credit Card,Mobile,Email,"603 Karen Point, Johnsonshire, South Dakota 26838",VIP,390.45,2024-07,2024,Wednesday,6.0,2024-07,Jul-2024
f77ecd9b-c30f-4037-a29b-2ee96c22aa66,1,222,Electronics,421.02,1,2024-05-10 14:59:58.897063,2024-05-15 14:59:58.897063,Shipped,Google Pay,Tablet,Email,"30704 Emma Ferry, Kingshire, Maine 06600",VIP,421.02,2024-05,2024,Friday,5.0,2024-05,May-2024
12adf0ae-57d7-4bc0-80cf-0d2968d3099c,127,640,Electronics,306.35,1,2025-02-20 14:59:58.897063,2025-02-21 14:59:58.897063,Delivered,PayPal,Mobile,Email,"8019 Andre Mountain, Lake Jennifer, Alaska 46040",VIP,306.35,2025-02,2025,Thursday,1.0,2025-02,Feb-2025
e3434cd4-59e1-4e8b-9872-4d41387ac6d0,2808,738,Toys,38.97,1,2025-01-19 14:59:58.897063,2025-01-21 14:59:58.897063,Delivered,Debit Card,Desktop,Organic,"946 Corey Forest Suite 188, Traciport, West Virginia 10382",New,38.97,2025-01,2025,Sunday,2.0,2025-01,Jan-2025
50e28fa2-858b-4fb9-8075-a108107e221c,48,184,Home,372.7,3,2024-12-21 14:59:58.897063,2024-12-22 14:59:58.897063,Shipped,Debit Card,Desktop,Social,"9289 Velez Lakes, Lake Christina, Oregon 43315",VIP,1118.1,2024-12,2024,Saturday,1.0,2024-12,Dec-2024
9171e214-f9b6-40ac-98ec-7bff8db10aa4,99,72,Beauty,393.25,1,2024-11-22 14:59:58.897063,2024-11-24 14:59:58.897063,Delivered,PayPal,Desktop,Email,"7600 Jones Alley Suite 775, Susanton, Texas 79288",VIP,393.25,2024-11,2024,Friday,2.0,2024-11,Nov-2024
48eb6069-60ae-434c-82d7-729405c472d4,2463,385,Toys,411.38,3,2024-06-02 14:59:58.897063,2024-06-03 14:59:58.897063,Delivered,Debit Card,Desktop,Paid Search,"591 Davis Estates Apt. 466, Adkinston, Arizona 76388",New,1234.1399999999999,2024-06,2024,Sunday,1.0,2024-06,Jun-2024
fd6cc4d9-3da8-4302-9c28-980913ce4961,2920,411,Electronics,430.92,1,2024-09-16 14:59:58.897063,2024-09-18 14:59:58.897063,Shipped,Debit Card,Tablet,Social,"67410 Fuller Bypass, Jacksonbury, Pennsylvania 04262",Returning,430.92,2024-09,2024,Monday,2.0,2024-09,Sep-2024
8cdfcbb0-97b6-4f86-8762-5a103ab1aee3,1947,705,Clothing,459.59,1,2024-06-30 14:59:58.897063,2024-07-06 14:59:58.897063,Delivered,PayPal,Tablet,Paid Search,"32768 James Prairie, Hollandville, Minnesota 09181",Returning,459.59,2024-06,2024,Sunday,6.0,2024-06,Jun-2024
62dec19e-88da-4c3d-8659-219948e7512d,530,875,Clothing,21.04,2,2025-03-29 14:59:58.897063,2025-04-01 14:59:58.897063,Delivered,Credit Card,Desktop,Paid Search,"487 Dorsey Mountains Suite 869, Hayleyside, New Mexico 58752",Returning,42.08,2025-03,2025,Saturday,3.0,2025-03,Mar-2025
013ae9e9-66c7-40f5-95f2-c5a295ec0b8d,408,899,Electronics,455.75,2,2025-03-24 14:59:58.897063,2025-03-28 14:59:58.897063,Shipped,Google Pay,Mobile,Organic,"5672 Andrea Walk, Port Christinachester, Colorado 95672",VIP,911.5,2025-03,2025,Monday,4.0,2025-03,Mar-2025
23fbac48-bd84-474b-98b7-7e68da6ca423,2990,452,Home,153.67,3,2025-03-15 14:59:58.897063,2025-03-21 14:59:58.897063,Delivered,Apple Pay,Desktop,Email,"414 Salazar Route Suite 207, Meganville, Indiana 28331",Returning,461.01,2025-03,2025,Saturday,6.0,2025-03,Mar-2025
c8499186-5e1b-4f96-a3cd-e89d7f6ba1cb,1,102,Home,439.65,6,2024-07-20 14:59:58.897063,2024-07-27 14:59:58.897063,Delivered,Debit Card,Mobile,Email,"2972 Fernandez Mews Suite 067, Davidport, Indiana 79178",VIP,3956.85,2024-07,2024,Saturday,7.0,2024-07,Jul-2024
54580f19-1b68-4268-b703-76c745341245,2603,105,Home,316.92,3,2025-02-06 14:59:58.897063,2025-02-10 14:59:58.897063,Shipped,Google Pay,Desktop,Social,"335 Ashley Prairie, Thompsonberg, Alaska 61081",New,950.76,2025-02,2025,Thursday,4.0,2025-02,Feb-2025
10fd6b2a-2ed1-4e6d-b2d2-d1ac19de3c70,513,535,Electronics,380.22,1,2024-06-27 14:59:58.897063,2024-07-03 14:59:58.897063,Delivered,Credit Card,Desktop,Organic,"9592 Heather Roads, West Jesse, Alabama 61743",VIP,380.22,2024-06,2024,Thursday,6.0,2024-06,Jun-2024
cedc232c-5037-4ce7-bfe6-f65a07f9b32f,217,626,Home,356.83,4,2024-06-20 14:59:58.897063,2024-06-25 14:59:58.897063,Delivered,PayPal,Desktop,Paid Search,"61318 Liu Pine, Dianeburgh, North Dakota 67505",Returning,1427.32,2024-06,2024,Thursday,5.0,2024-06,Jun-2024
a6099bd1-29d2-4246-ac0d-28d5a7dffa63,345,224,Beauty,111.36,2,2024-11-22 14:59:58.897063,2024-11-26 14:59:58.897063,Pending,PayPal,Desktop,Social,"256 Osborn Shore Suite 022, New Nicholasshire, Alabama 43620",VIP,222.72,2024-11,2024,Friday,4.0,2024-11,Nov-2024
9ec6ab0e-2df3-4cf4-a668-c307844c4e52,1403,553,Clothing,274.57,1,2024-08-04 14:59:58.897063,2024-08-08 14:59:58.897063,Delivered,Debit Card,Desktop,Social,"217 Kari Shoal Suite 992, Cooperfurt, Michigan 04635",New,274.57,2024-08,2024,Sunday,4.0,2024-08,Aug-2024
c07b152a-6833-488b-b41c-1c12c7e838f1,88,163,Clothing,232.86,2,2024-05-24 14:59:58.897063,2024-05-30 14:59:58.897063,Delivered,Apple Pay,Desktop,Email,"191 Michael Common, Port Caseybury, Iowa 14537",VIP,465.72,2024-05,2024,Friday,6.0,2024-05,May-2024
111eead2-3d36-47d7-bc90-b30a2aab5251,418,130,Clothing,96.58,2,2025-01-17 14:59:58.897063,2025-01-24 14:59:58.897063,Delivered,Apple Pay,Desktop,Organic,"936 Sarah Crescent Apt. 505, Susanview, Nebraska 23059",VIP,193.16,2025-01,2025,Friday,7.0,2025-01,Jan-2025
710211e1-4b82-4093-8121-7cfea205d572,106,690,Books,248.36,3,2024-08-31 14:59:58.897063,2024-09-03 14:59:58.897063,Delivered,Credit Card,Mobile,Organic,"144 Gabriela Circle, Martinside, Wisconsin 12923",VIP,745.08,2024-08,2024,Saturday,3.0,2024-08,Aug-2024
6979755a-e6ed-4995-b3ab-2a5b1584217f,196,728,Electronics,27.28,2,2024-10-23 14:59:58.897063,2024-10-24 14:59:58.897063,Returned,Google Pay,Desktop,Paid Search,"1474 Nicole Pine, Figueroamouth, Florida 67682",VIP,54.56,2024-10,2024,Wednesday,1.0,2024-10,Oct-2024
daae513c-a7e5-49d3-bae2-a47c56245473,86,884,Clothing,108.14,2,2024-12-02 14:59:58.897063,2024-12-06 14:59:58.897063,Delivered,Google Pay,Desktop,Social,"890 Perez Manors, Dustinborough, New York 47008",VIP,216.28,2024-12,2024,Monday,4.0,2024-12,Dec-2024
474df53b-2ea6-47d9-8400-b024b64219ea,23,732,Home,212.58,1,2024-06-20 14:59:58.897063,2024-06-23 14:59:58.897063,Delivered,Google Pay,Tablet,Organic,"62444 Butler Street Suite 369, Matthewburgh, Hawaii 77815",VIP,212.58,2024-06,2024,Thursday,3.0,2024-06,Jun-2024
0dd1a503-6a52-48af-aca0-28ca3806402b,2908,88,Clothing,160.95,1,2024-08-28 14:59:58.897063,2024-09-01 14:59:58.897063,Delivered,Debit Card,Desktop,Organic,"716 Stephenson Forks, West David, Kentucky 31256",Returning,160.95,2024-08,2024,Wednesday,4.0,2024-08,Aug-2024
71d8bf2f-414d-4d92-9146-e1733fedd66b,2409,535,Beauty,6.53,2,2024-05-10 14:59:58.897063,2024-05-16 14:59:58.897063,Delivered,Debit Card,Tablet,Paid Search,"19458 Lambert Hollow Suite 917, Lake Miguel, New York 12681",New,13.06,2024-05,2024,Friday,6.0,2024-05,May-2024
4bd3c6fa-6b34-4698-bc85-d2d79ef43828,355,203,Books,269.35,3,2024-09-28 14:59:58.897063,2024-09-30 14:59:58.897063,Delivered,Apple Pay,Desktop,Email,"3470 Hoffman Keys, Webermouth, Massachusetts 93731",VIP,808.0500000000001,2024-09,2024,Saturday,2.0,2024-09,Sep-2024
5e33fe01-ed61-4a51-b48f-a9e6f20d20df,1079,979,Home,471.55,2,2025-01-21 14:59:58.897063,2025-01-25 14:59:58.897063,Shipped,Debit Card,Desktop,Paid Search,"13320 David Greens Apt. 563, Bradleymouth, Hawaii 30168",Returning,943.1,2025-01,2025,Tuesday,4.0,2025-01,Jan-2025
04c20261-999a-471a-a474-659e84aad9a5,679,482,Clothing,343.79,1,2024-11-02 14:59:58.897063,2024-11-03 14:59:58.897063,Returned,Google Pay,Tablet,Organic,"19737 Mcmillan Club, North Paulberg, Florida 54640",Returning,343.79,2024-11,2024,Saturday,1.0,2024-11,Nov-2024
4e8f7c50-66ae-46a5-9736-28b911e665ca,1059,598,Electronics,449.91,2,2025-01-23 14:59:58.897063,2025-01-27 14:59:58.897063,Delivered,Debit Card,Mobile,Email,"85000 Vincent Tunnel, Carpenterside, Vermont 58183",Returning,899.82,2025-01,2025,Thursday,4.0,2025-01,Jan-2025
742dba22-4a75-416a-8609-171052bb3b5c,614,749,Clothing,57.9,2,2024-12-28 14:59:58.897063,2025-01-01 14:59:58.897063,Delivered,Credit Card,Tablet,Paid Search,"9566 Manning Way Suite 852, New Bethborough, New Jersey 21693",VIP,115.8,2024-12,2024,Saturday,4.0,2024-12,Dec-2024
9d085a44-db9e-4e32-a8b6-0bf1ec16ecff,1590,822,Toys,236.34,2,2024-05-07 14:59:58.897063,2024-05-14 14:59:58.897063,Shipped,Apple Pay,Mobile,Social,"97938 Stephenson Inlet Suite 518, East Biancafurt, New York 29406",Returning,472.68,2024-05,2024,Tuesday,7.0,2024-05,May-2024
f1d3b434-a7ea-4e5e-976c-f83540ff0614,146,138,Toys,221.04,2,2024-09-26 14:59:58.897063,2024-10-03 14:59:58.897063,Returned,Google Pay,Desktop,Social,"7825 Jackson Drive Suite 136, Austinton, Oklahoma 71439",VIP,442.08,2024-09,2024,Thursday,7.0,2024-09,Sep-2024
43c68a8c-9b6b-482e-80b0-8cb81676f8fc,2170,962,Home,198.38,2,2024-09-09 14:59:58.897063,2024-09-14 14:59:58.897063,Delivered,Debit Card,Tablet,Organic,"299 Adams Port, Garrettbury, Minnesota 68462",Returning,396.76,2024-09,2024,Monday,5.0,2024-09,Sep-2024
65eddf22-277c-4800-ae6e-918b3fa9609e,2407,218,Electronics,439.1,1,2024-11-15 14:59:58.897063,2024-11-17 14:59:58.897063,Delivered,Google Pay,Tablet,Social,"676 Carroll Shoal, Crossland, Texas 60444",Returning,439.1,2024-11,2024,Friday,2.0,2024-11,Nov-2024
3b08062c-d7c3-462a-99c6-1a3cbb30c3cc,110,673,Beauty,180.9,4,2025-02-16 14:59:58.897063,2025-02-18 14:59:58.897063,Delivered,Debit Card,Mobile,Email,"8429 Hector Shore Suite 599, Matthewshire, South Carolina 70546",VIP,723.6,2025-02,2025,Sunday,2.0,2025-02,Feb-2025
87a8bc91-e42f-41ac-861a-7dd012ff69e0,920,646,Clothing,316.68,1,2024-05-07 14:59:58.897063,2024-05-09 14:59:58.897063,Delivered,Credit Card,Desktop,Email,"377 Soto Plain, West Teresaland, Minnesota 79608",Returning,316.68,2024-05,2024,Tuesday,2.0,2024-05,May-2024
e6fdb79c-a351-43c5-a92a-1ee0049c0dff,1037,251,Beauty,366.18,1,2025-02-12 14:59:58.897063,2025-02-18 14:59:58.897063,Shipped,Google Pay,Mobile,Paid Search,"45892 Marie Shoals, Port Monicamouth, Delaware 05580",Returning,366.18,2025-02,2025,Wednesday,6.0,2025-02,Feb-2025
6bc13fc4-d0c9-4bae-855b-d4db4958f514,21,270,Books,169.9,5,2025-01-29 14:59:58.897063,2025-01-31 14:59:58.897063,Delivered,Apple Pay,Tablet,Organic,"48419 Wayne Mill, New Biancaborough, Iowa 62675",VIP,849.5,2025-01,2025,Wednesday,2.0,2025-01,Jan-2025
6f844223-1b79-465d-b068-42c4a262b726,477,435,Home,146.34,1,2025-01-21 14:59:58.897063,2025-01-24 14:59:58.897063,Shipped,Apple Pay,Mobile,Paid Search,"243 Gloria Ridge, Conleymouth, Michigan 60558",VIP,146.34,2025-01,2025,Tuesday,3.0,2025-01,Jan-2025
75fd6ad4-e0ef-4d7e-8740-1eca647aa551,122,837,Toys,490.89,4,2024-12-06 14:59:58.897063,2024-12-13 14:59:58.897063,Delivered,PayPal,Mobile,Organic,"24355 Davis Radial Apt. 308, Lake Ryan, New Hampshire 08773",VIP,1963.56,2024-12,2024,Friday,7.0,2024-12,Dec-2024
c499d629-61cf-4fce-afdd-09c005b8fa97,2099,873,Electronics,332.58,1,2024-07-26 14:59:58.897063,2024-08-02 14:59:58.897063,Delivered,Debit Card,Mobile,Organic,"5865 Vicki Isle, Tiffanyburgh, Indiana 78669",Returning,332.58,2024-07,2024,Friday,7.0,2024-07,Jul-2024
81456b4f-2402-4e6b-9481-58f4ca8e11e5,2940,884,Books,421.06,1,2025-03-08 14:59:58.897063,2025-03-12 14:59:58.897063,Delivered,Credit Card,Tablet,Paid Search,"572 Peterson Mountains, Lake Jacobhaven, Montana 15027",Returning,421.06,2025-03,2025,Saturday,4.0,2025-03,Mar-2025
520f3000-c0cf-4e8b-943a-3505a8f93def,2107,629,Toys,96.63,5,2024-11-29 14:59:58.897063,2024-12-02 14:59:58.897063,Delivered,Debit Card,Desktop,Social,"397 Timothy Divide Apt. 884, Melissafurt, Kansas 49723",Returning,483.15,2024-11,2024,Friday,3.0,2024-11,Nov-2024
dd78aa5d-48b5-4344-b009-c9d00bb1b8e3,2318,507,Clothing,85.44,3,2025-01-17 14:59:58.897063,2025-01-21 14:59:58.897063,Shipped,Apple Pay,Mobile,Organic,"3300 Amy Ridge Suite 131, New Cynthia, Tennessee 78259",VIP,256.32,2025-01,2025,Friday,4.0,2025-01,Jan-2025
46aa6490-2e2d-4f29-afb5-fb6517fa8057,2942,187,Toys,303.98,4,2024-07-20 14:59:58.897063,2024-07-21 14:59:58.897063,Shipped,Debit Card,Mobile,Organic,"424 Gray Mall Apt. 549, Lake Sherribury, New Jersey 54748",Returning,1215.92,2024-07,2024,Saturday,1.0,2024-07,Jul-2024
e4d217cf-1107-4e8f-98d2-99d537a1c6b2,1662,653,Toys,24.81,1,2024-11-25 14:59:58.897063,2024-12-02 14:59:58.897063,Delivered,Debit Card,Desktop,Email,"9362 Espinoza Corner, Port Brucestad, Connecticut 03129",Returning,24.81,2024-11,2024,Monday,7.0,2024-11,Nov-2024
11650018-2f5b-401a-a0e6-5f6f62316f76,895,707,Toys,324.9,1,2024-11-03 14:59:58.897063,2024-11-05 14:59:58.897063,Delivered,Credit Card,Tablet,Email,"41442 Gabriel Ramp, Johnsonport, Maryland 42284",VIP,324.9,2024-11,2024,Sunday,2.0,2024-11,Nov-2024
a14c0a73-2a7d-485f-bacf-9a0c3bd80f31,1390,75,Toys,450.61,1,2025-03-10 14:59:58.897063,2025-03-15 14:59:58.897063,Delivered,Google Pay,Desktop,Social,"5191 Stephanie Harbors Suite 025, New Lauraburgh, Illinois 73111",VIP,450.61,2025-03,2025,Monday,5.0,2025-03,Mar-2025
e150294c-940c-4189-8e35-1720f32a363a,1661,101,Toys,107.42,1,2024-08-01 14:59:58.897063,2024-08-04 14:59:58.897063,Shipped,Credit Card,Tablet,Organic,"0604 Robert Trafficway Suite 931, East Lauraside, Maryland 48271",Returning,107.42,2024-08,2024,Thursday,3.0,2024-08,Aug-2024
856bd1bb-4d47-492e-b6ae-9c77693d43d0,1882,673,Books,456.2,1,2024-12-24 14:59:58.897063,2024-12-27 14:59:58.897063,Delivered,Apple Pay,Desktop,Organic,"381 Chang Square Suite 579, East Mary, Utah 82975",Returning,456.2,2024-12,2024,Tuesday,3.0,2024-12,Dec-2024
3dd0335a-fe64-41ca-b61f-8046c2f09521,3,650,Toys,54.33,3,2024-08-12 14:59:58.897063,2024-08-18 14:59:58.897063,Shipped,Credit Card,Mobile,Organic,"54694 Margaret Loop Apt. 871, Danachester, Michigan 39190",VIP,162.99,2024-08,2024,Monday,6.0,2024-08,Aug-2024
074bc18e-298e-4f97-85a0-bc7dbee14979,1717,906,Toys,332.15,1,2025-04-01 14:59:58.897063,2025-04-07 14:59:58.897063,Delivered,Google Pay,Desktop,Social,"4784 Jones Streets, North Nicole, Hawaii 88173",VIP,332.15,2025-04,2025,Tuesday,6.0,2025-04,Apr-2025
589059a2-6a02-43d3-a8c9-741557112231,66,86,Electronics,174.44,4,2025-04-11 14:59:58.897063,2025-04-15 14:59:58.897063,Delivered,Apple Pay,Mobile,Paid Search,"5708 Carr Fork Apt. 072, Melanieberg, Florida 82012",VIP,697.76,2025-04,2025,Friday,4.0,2025-04,Apr-2025
aececb9b-3123-4ff3-9633-6439bd8e6527,313,461,Books,106.31,1,2024-12-19 14:59:58.897063,2024-12-21 14:59:58.897063,Pending,Apple Pay,Tablet,Organic,"2647 Stephen Turnpike Suite 646, South Christopher, Idaho 81967",Returning,106.31,2024-12,2024,Thursday,2.0,2024-12,Dec-2024
fb79a053-910b-46b1-bc70-c5d5a853185a,1493,353,Home,302.6,1,2024-04-28 14:59:58.897063,2024-04-30 14:59:58.897063,Delivered,Debit Card,Desktop,Email,"86903 Lisa Street, Herrerachester, Louisiana 47875",Returning,302.6,2024-04,2024,Sunday,2.0,2024-04,Apr-2024
9cfa957c-9b0b-4044-9011-02fbdad2c03b,1095,152,Beauty,29.68,1,2024-10-05 14:59:58.897063,2024-10-12 14:59:58.897063,Delivered,Google Pay,Mobile,Organic,"5514 Kristine Gardens, Marieville, Montana 04638",Returning,29.68,2024-10,2024,Saturday,7.0,2024-10,Oct-2024
aab3d924-35b1-4770-8f6e-9b1fa9b250c8,2987,487,Home,116.82,1,2024-09-28 14:59:58.897063,2024-09-29 14:59:58.897063,Delivered,Apple Pay,Tablet,Paid Search,"321 Ann Place Apt. 679, Codyborough, Montana 84414",New,116.82,2024-09,2024,Saturday,1.0,2024-09,Sep-2024
a4379933-91e1-4067-9866-1e6e055025f9,322,484,Beauty,253.06,3,2025-01-13 14:59:58.897063,2025-01-15 14:59:58.897063,Delivered,Credit Card,Tablet,Organic,"116 Sarah Mews, South Kathleentown, Illinois 42105",VIP,759.1800000000001,2025-01,2025,Monday,2.0,2025-01,Jan-2025
9b4baeb8-88b9-4071-b212-54e8e581c403,1058,176,Clothing,348.29,1,2024-09-16 14:59:58.897063,2024-09-19 14:59:58.897063,Delivered,Credit Card,Desktop,Email,"6679 Ramsey Fields, New Crystalton, Arkansas 63841",Returning,348.29,2024-09,2024,Monday,3.0,2024-09,Sep-2024
5080f59d-7154-486f-b2b2-0ecdda3c4a73,196,884,Beauty,265.59,1,2024-09-14 14:59:58.897063,2024-09-17 14:59:58.897063,Delivered,Apple Pay,Tablet,Social,"6108 Armstrong Station Apt. 527, North Beth, New Hampshire 28573",VIP,265.59,2024-09,2024,Saturday,3.0,2024-09,Sep-2024
ec18fe49-21d0-4efa-a61e-e3b4c9bc54bc,285,769,Beauty,238.44,2,2024-09-22 14:59:58.897063,2024-09-23 14:59:58.897063,Pending,PayPal,Desktop,Paid Search,"85057 Castillo Rest, New Chad, West Virginia 61404",VIP,476.88,2024-09,2024,Sunday,1.0,2024-09,Sep-2024
4e6bf0da-b1e5-4fe0-87f3-8c4b3ce23edd,1526,711,Home,275.12,2,2024-12-31 14:59:58.897063,2025-01-06 14:59:58.897063,Delivered,Apple Pay,Tablet,Email,"0566 Caroline Loop, Kirkburgh, Iowa 53459",Returning,550.24,2024-12,2024,Tuesday,6.0,2024-12,Dec-2024
14f58b69-7c7d-4efd-bc7d-56f36530213e,1300,482,Books,467.52,2,2024-10-04 14:59:58.897063,2024-10-11 14:59:58.897063,Delivered,PayPal,Desktop,Social,"0112 Martin Meadow Apt. 946, Lake Patrick, Alabama 71627",Returning,935.04,2024-10,2024,Friday,7.0,2024-10,Oct-2024
27696035-3fee-4c8a-a675-a466c7ba5cbd,63,993,Books,102.79,4,2025-02-05 14:59:58.897063,2025-02-11 14:59:58.897063,Delivered,PayPal,Mobile,Organic,"05979 Davis Track Apt. 907, North Gregory, Illinois 35105",VIP,411.16,2025-02,2025,Wednesday,6.0,2025-02,Feb-2025
26a0faa4-4871-472b-a43d-526f062ff9b1,53,649,Home,269.35,6,2024-11-08 14:59:58.897063,2024-11-09 14:59:58.897063,Delivered,Debit Card,Mobile,Paid Search,"96129 Robinson Square Apt. 593, East James, Missouri 69682",VIP,1616.1000000000001,2024-11,2024,Friday,1.0,2024-11,Nov-2024
5880da84-1d9f-4b5b-ad89-7bda1ec02060,55,925,Beauty,443.84,1,2024-10-27 14:59:58.897063,2024-10-31 14:59:58.897063,Returned,Credit Card,Tablet,Social,"5437 Kellie Crossroad, Michelleton, New Hampshire 49169",VIP,443.84,2024-10,2024,Sunday,4.0,2024-10,Oct-2024
1c6ee59a-5f5c-4f80-9629-0f995a0cb57f,1687,477,Home,474.16,3,2024-09-12 14:59:58.897063,2024-09-16 14:59:58.897063,Returned,Apple Pay,Desktop,Paid Search,"7261 Durham Ridges, North Joe, Louisiana 54369",Returning,1422.48,2024-09,2024,Thursday,4.0,2024-09,Sep-2024
1638796e-ec6d-4f6a-b8fa-29b8d5d08b19,567,548,Beauty,150.58,2,2024-12-05 14:59:58.897063,2024-12-12 14:59:58.897063,Delivered,Apple Pay,Mobile,Social,"3460 Andrew Expressway Suite 569, West Daniel, Ohio 30105",Returning,301.16,2024-12,2024,Thursday,7.0,2024-12,Dec-2024
d33e2e24-cdf8-45bb-a9e3-102f2375edbd,1830,679,Clothing,40.99,1,2025-03-31 14:59:58.897063,2025-04-06 14:59:58.897063,Delivered,Google Pay,Desktop,Organic,"81725 Craig Union Apt. 472, Rosetown, Iowa 66361",VIP,40.99,2025-03,2025,Monday,6.0,2025-03,Mar-2025
e552d17f-6532-44b4-833c-4f49f814f38a,75,448,Books,312.2,1,2024-07-01 14:59:58.897063,2024-07-07 14:59:58.897063,Delivered,PayPal,Desktop,Social,"62273 Baxter Road, North Grace, Washington 82904",VIP,312.2,2024-07,2024,Monday,6.0,2024-07,Jul-2024
1b32b941-f34e-4d7e-81ad-4aa279c47600,1,771,Books,261.06,2,2024-10-02 14:59:58.897063,2024-10-07 14:59:58.897063,Shipped,Apple Pay,Tablet,Paid Search,"7074 Colon Plains Apt. 698, Kevinville, Wisconsin 96520",VIP,522.12,2024-10,2024,Wednesday,5.0,2024-10,Oct-2024
eaa3bb91-832e-4fbf-a386-1ef4a53b6395,1413,20,Electronics,123.86,2,2024-12-07 14:59:58.897063,2024-12-08 14:59:58.897063,Delivered,Google Pay,Desktop,Organic,"61408 Dwayne Gateway, Heidishire, Rhode Island 56196",Returning,247.72,2024-12,2024,Saturday,1.0,2024-12,Dec-2024
1ff71fba-54cb-4a74-88aa-b60299d70c76,493,672,Home,357.41,3,2024-07-21 14:59:58.897063,2024-07-25 14:59:58.897063,Delivered,Debit Card,Mobile,Email,"1941 Wise Village Suite 886, Benjaminstad, Kansas 71463",VIP,1072.23,2024-07,2024,Sunday,4.0,2024-07,Jul-2024
496ca90d-cbd2-4987-b740-662d0e0724de,2722,655,Electronics,290.65,2,2024-06-22 14:59:58.897063,2024-06-29 14:59:58.897063,Delivered,PayPal,Mobile,Social,"495 Craig Grove, West Gerald, Maryland 19266",Returning,581.3,2024-06,2024,Saturday,7.0,2024-06,Jun-2024
92773219-6a8b-4b13-849c-0deb5773526c,237,703,Electronics,173.56,1,2024-12-03 14:59:58.897063,2024-12-07 14:59:58.897063,Delivered,Credit Card,Mobile,Organic,"94026 Acosta Overpass Apt. 617, Mistyshire, Oregon 47139",Returning,173.56,2024-12,2024,Tuesday,4.0,2024-12,Dec-2024
17e7b171-b668-44db-b79d-e08d94bd62b7,1842,132,Beauty,119.3,1,2025-02-25 14:59:58.897063,2025-02-28 14:59:58.897063,Delivered,Credit Card,Mobile,Paid Search,"70265 Stephen Courts Suite 400, New Matthew, Texas 79152",Returning,119.3,2025-02,2025,Tuesday,3.0,2025-02,Feb-2025
dd2ac565-9da9-43a2-874e-1e9008108397,346,673,Toys,340.64,3,2024-10-27 14:59:58.897063,2024-10-30 14:59:58.897063,Delivered,Credit Card,Tablet,Social,"256 Corey Oval Apt. 875, Smithland, North Dakota 52413",Returning,1021.92,2024-10,2024,Sunday,3.0,2024-10,Oct-2024
cb32cb03-7649-4c35-b614-d0a26b7c2f4e,781,445,Home,441.73,2,2024-08-23 14:59:58.897063,2024-08-24 14:59:58.897063,Pending,Apple Pay,Mobile,Social,"94765 Jeffrey Heights, South Amanda, Tennessee 07582",VIP,883.46,2024-08,2024,Friday,1.0,2024-08,Aug-2024
afd5dc35-1b8b-40c1-a3f8-6bf6820a9a2a,2561,130,Clothing,343.47,1,2024-06-09 14:59:58.897063,2024-06-16 14:59:58.897063,Delivered,Google Pay,Mobile,Organic,"446 Riggs Meadow, Serranochester, Ohio 82886",Returning,343.47,2024-06,2024,Sunday,7.0,2024-06,Jun-2024
b6acd369-50a3-4a76-8d4d-f78e244af85e,132,860,Toys,214.82,1,2025-03-03 14:59:58.897063,2025-03-05 14:59:58.897063,Shipped,PayPal,Mobile,Social,"5467 Sloan Meadow Apt. 992, Davidstad, Oregon 49812",VIP,214.82,2025-03,2025,Monday,2.0,2025-03,Mar-2025
0525dd57-94f8-485c-a9a4-dff21ef81bbd,1115,396,Clothing,119.45,3,2024-05-16 14:59:58.897063,2024-05-21 14:59:58.897063,Delivered,Credit Card,Desktop,Email,"062 Vance Corner, Marialand, Alaska 20614",VIP,358.35,2024-05,2024,Thursday,5.0,2024-05,May-2024
6429bbbc-c85c-4a9f-95ee-938bb7d251dd,22,511,Toys,294.63,1,2025-01-11 14:59:58.897063,2025-01-16 14:59:58.897063,Delivered,Credit Card,Desktop,Paid Search,"53310 David Corners Suite 788, Davidstad, Nebraska 11566",VIP,294.63,2025-01,2025,Saturday,5.0,2025-01,Jan-2025
f9d39c84-7e39-436b-a8b3-c7c094ecf30c,462,98,Clothing,357.67,3,2024-10-13 14:59:58.897063,2024-10-17 14:59:58.897063,Shipped,PayPal,Desktop,Organic,"687 Barbara Views Apt. 811, Josephshire, South Carolina 26605",VIP,1073.01,2024-10,2024,Sunday,4.0,2024-10,Oct-2024
5620cc16-67f3-448f-a63a-04af81df46ac,2027,383,Home,449.92,4,2024-10-28 14:59:58.897063,2024-11-04 14:59:58.897063,Shipped,PayPal,Desktop,Social,"0736 Foster Village, Port Michaelport, Vermont 35948",Returning,1799.68,2024-10,2024,Monday,7.0,2024-10,Oct-2024
2da20265-2287-42e3-acc4-78a36fc6c0f1,23,47,Clothing,33.75,1,2024-09-14 14:59:58.897063,2024-09-19 14:59:58.897063,Shipped,PayPal,Mobile,Email,"942 Christopher Station, Lake Sandra, Nebraska 91229",VIP,33.75,2024-09,2024,Saturday,5.0,2024-09,Sep-2024
4a899a49-d882-4fde-a03c-8682a582c8d4,161,101,Toys,74.41,1,2024-06-24 14:59:58.897063,2024-06-25 14:59:58.897063,Delivered,Credit Card,Mobile,Email,"9921 Diane Village, Jenniferside, Utah 15458",VIP,74.41,2024-06,2024,Monday,1.0,2024-06,Jun-2024
a80880fa-a337-4fdb-b6f5-77363bec0d2c,707,35,Clothing,210.29,1,2025-02-26 14:59:58.897063,2025-03-03 14:59:58.897063,Delivered,PayPal,Mobile,Organic,"893 Rebecca Wall Apt. 902, Wallerborough, Louisiana 78465",VIP,210.29,2025-02,2025,Wednesday,5.0,2025-02,Feb-2025
5c97562d-0943-4bd2-8b54-5d917e38b729,143,555,Beauty,270.16,1,2024-09-02 14:59:58.897063,2024-09-06 14:59:58.897063,Delivered,Debit Card,Desktop,Social,"64117 Green Lake Apt. 485, New Marissa, New York 50361",VIP,270.16,2024-09,2024,Monday,4.0,2024-09,Sep-2024
e19ea20f-dc91-4de6-8301-9c1f6b79b88e,21,503,Toys,253.21,1,2024-06-04 14:59:58.897063,2024-06-10 14:59:58.897063,Delivered,Google Pay,Mobile,Email,"332 Larry Drives Suite 078, West Juliebury, Iowa 48622",VIP,253.21,2024-06,2024,Tuesday,6.0,2024-06,Jun-2024
493f2d3b-d28f-48da-a64a-43891fa0c33c,2585,545,Electronics,404.23,2,2024-10-24 14:59:58.897063,2024-10-30 14:59:58.897063,Delivered,Debit Card,Tablet,Organic,"23737 Matthew Place, Johnsonburgh, Michigan 99771",Returning,808.46,2024-10,2024,Thursday,6.0,2024-10,Oct-2024
031ef57d-6160-4bc9-9182-a80570fd4cbd,136,101,Books,444.77,4,2024-06-02 14:59:58.897063,2024-06-09 14:59:58.897063,Delivered,Debit Card,Desktop,Email,"41629 Jacqueline Roads, Foleybury, Massachusetts 38237",VIP,1779.08,2024-06,2024,Sunday,7.0,2024-06,Jun-2024
320c9cbb-d5f5-43e1-9b8a-3671e0b5f71b,206,709,Books,484.45,1,2024-10-19 14:59:58.897063,2024-10-21 14:59:58.897063,Delivered,Credit Card,Tablet,Email,"62370 Christopher Square, Nelsonfurt, South Dakota 79227",Returning,484.45,2024-10,2024,Saturday,2.0,2024-10,Oct-2024
228c1004-2fe7-49a2-938a-7ac8d363bc32,210,43,Home,9.2,1,2024-06-07 14:59:58.897063,2024-06-12 14:59:58.897063,Delivered,Debit Card,Mobile,Organic,"04479 Crystal Path Apt. 825, Kimton, North Dakota 25297",VIP,9.2,2024-06,2024,Friday,5.0,2024-06,Jun-2024
c3ac308d-16bb-42fc-a338-fc821942e0e7,562,662,Books,270.97,1,2024-10-26 14:59:58.897063,2024-11-02 14:59:58.897063,Delivered,Debit Card,Desktop,Paid Search,"2649 Martin Ways, Gailhaven, Minnesota 41646",Returning,270.97,2024-10,2024,Saturday,7.0,2024-10,Oct-2024
25df51ac-117e-4f4f-97d5-5756b55d0a72,31,987,Toys,305.82,4,2024-06-30 14:59:58.897063,2024-07-07 14:59:58.897063,Shipped,Google Pay,Mobile,Email,"83259 Stephen Trace Apt. 743, Mejiaborough, Wisconsin 97101",VIP,1223.28,2024-06,2024,Sunday,7.0,2024-06,Jun-2024
78187781-3623-4900-96af-23478c486b25,9,409,Toys,480.88,1,2024-06-02 14:59:58.897063,2024-06-03 14:59:58.897063,Delivered,Debit Card,Mobile,Organic,"690 Earl Cliffs Apt. 864, Port Brianberg, South Dakota 83845",VIP,480.88,2024-06,2024,Sunday,1.0,2024-06,Jun-2024
3c26f2f4-7ff4-49a5-b6c5-304b7598247d,1995,678,Beauty,195.51,1,2024-10-24 14:59:58.897063,2024-10-31 14:59:58.897063,Delivered,PayPal,Desktop,Email,"333 Terry Crescent Apt. 396, Pricefurt, Virginia 38906",VIP,195.51,2024-10,2024,Thursday,7.0,2024-10,Oct-2024
8115251b-fc1a-4c0e-88f3-397769e75ae5,25,464,Beauty,431.99,2,2024-07-06 14:59:58.897063,2024-07-10 14:59:58.897063,Delivered,Credit Card,Mobile,Social,"331 Amy Islands Suite 642, North Veronicaside, Nevada 96490",VIP,863.98,2024-07,2024,Saturday,4.0,2024-07,Jul-2024
bda44215-f740-45a7-902b-c425be980003,37,450,Beauty,68.85,4,2024-09-04 14:59:58.897063,2024-09-10 14:59:58.897063,Delivered,Debit Card,Tablet,Email,"129 Jose Drive Suite 133, Thomasport, Massachusetts 76364",VIP,275.4,2024-09,2024,Wednesday,6.0,2024-09,Sep-2024
7b6dad3a-d2b8-402c-936a-51ae29ff8048,37,507,Toys,458.52,2,2025-03-02 14:59:58.897063,2025-03-05 14:59:58.897063,Delivered,PayPal,Desktop,Organic,"27673 James Gardens Suite 775, South Courtney, Pennsylvania 08398",VIP,917.04,2025-03,2025,Sunday,3.0,2025-03,Mar-2025
4411463d-6bca-4df3-8cc7-22cebe6462d2,657,538,Electronics,435.54,1,2024-09-23 14:59:58.897063,2024-09-25 14:59:58.897063,Shipped,Apple Pay,Desktop,Social,"7863 Gwendolyn Inlet, North Angelaville, Maryland 30394",VIP,435.54,2024-09,2024,Monday,2.0,2024-09,Sep-2024
422586f0-18f8-45c8-b95c-0005f184fa93,99,884,Books,107.73,2,2025-03-03 14:59:58.897063,2025-03-09 14:59:58.897063,Delivered,Google Pay,Desktop,Organic,"59447 Kimberly Rapids Suite 850, Port Rachel, Utah 28753",VIP,215.46,2025-03,2025,Monday,6.0,2025-03,Mar-2025
101ca6ae-bea9-41c4-9649-50656af5af3b,2208,76,Books,50.7,1,2024-07-14 14:59:58.897063,2024-07-21 14:59:58.897063,Shipped,Apple Pay,Tablet,Email,"85381 Adkins Wells Apt. 049, Moyerfort, North Dakota 56388",Returning,50.7,2024-07,2024,Sunday,7.0,2024-07,Jul-2024
c778b78f-4ed6-4363-982c-6720530fdc7b,2461,485,Books,324.0,4,2024-07-19 14:59:58.897063,2024-07-25 14:59:58.897063,Shipped,Google Pay,Mobile,Social,"582 Smith Tunnel, Daniellebury, Utah 05528",New,1296.0,2024-07,2024,Friday,6.0,2024-07,Jul-2024
f6724ac5-7fda-4e40-8532-deeca7c33bc3,46,435,Toys,418.48,4,2025-02-10 14:59:58.897063,2025-02-12 14:59:58.897063,Delivered,Credit Card,Desktop,Social,"5881 Anthony Ferry, North Brianton, Nebraska 58579",VIP,1673.92,2025-02,2025,Monday,2.0,2025-02,Feb-2025
49a33610-71da-4e87-8d50-c3e6ea371255,2304,163,Toys,280.93,5,2024-09-14 14:59:58.897063,2024-09-16 14:59:58.897063,Delivered,Google Pay,Desktop,Organic,"96525 Mary Street Suite 718, New Breanna, South Carolina 41971",New,1404.65,2024-09,2024,Saturday,2.0,2024-09,Sep-2024
e36668f5-fdbd-4589-b631-034e26a597fa,707,83,Books,104.68,2,2024-10-21 14:59:58.897063,2024-10-27 14:59:58.897063,Returned,Debit Card,Mobile,Social,"13450 Stone Mills Suite 632, West Shelby, New Mexico 60965",VIP,209.36,2024-10,2024,Monday,6.0,2024-10,Oct-2024
59abf981-da8e-47e4-b368-faba367d1c52,2496,461,Clothing,270.87,1,2024-09-28 14:59:58.897063,2024-10-02 14:59:58.897063,Delivered,PayPal,Mobile,Paid Search,"042 Kristin Roads, West Davidfort, Rhode Island 70019",New,270.87,2024-09,2024,Saturday,4.0,2024-09,Sep-2024
e6eaead4-cb58-4857-81dd-29d926881731,727,979,Books,279.94,1,2024-07-06 14:59:58.897063,2024-07-09 14:59:58.897063,Delivered,Debit Card,Tablet,Organic,"9136 Cooper Mills Suite 240, Brettfurt, Colorado 93314",Returning,279.94,2024-07,2024,Saturday,3.0,2024-07,Jul-2024
cd28fd5d-5a1d-4daa-ab5f-45cc3cda7970,1334,858,Clothing,470.39,5,2024-11-22 14:59:58.897063,2024-11-25 14:59:58.897063,Delivered,Apple Pay,Desktop,Paid Search,"395 Oliver Summit Apt. 976, Lefurt, Oregon 76703",VIP,2351.95,2024-11,2024,Friday,3.0,2024-11,Nov-2024
70682e26-0a94-41e8-8e91-157156ac52d2,1276,665,Books,75.47,4,2025-04-11 14:59:58.897063,2025-04-18 14:59:58.897063,Shipped,PayPal,Tablet,Email,"192 Norris Springs, North Erika, Alabama 16768",VIP,301.88,2025-04,2025,Friday,7.0,2025-04,Apr-2025
76bce3e9-3a4f-4c82-8eff-d9a1b07780dd,1932,918,Beauty,28.16,1,2024-11-21 14:59:58.897063,2024-11-26 14:59:58.897063,Delivered,Credit Card,Desktop,Paid Search,"15452 Krause Points, North Jessicachester, North Dakota 28751",Returning,28.16,2024-11,2024,Thursday,5.0,2024-11,Nov-2024
b5682e42-6968-4235-9fd8-fbaa71893669,61,938,Home,26.63,4,2025-02-26 14:59:58.897063,2025-03-02 14:59:58.897063,Delivered,Debit Card,Mobile,Organic,"8273 James Orchard Apt. 773, Carolineville, Massachusetts 39900",VIP,106.52,2025-02,2025,Wednesday,4.0,2025-02,Feb-2025
e7ab5342-6246-4caa-a5dc-d8e5957bd9fd,1760,685,Home,107.48,3,2024-04-23 14:59:58.897063,2024-04-26 14:59:58.897063,Shipped,PayPal,Desktop,Social,"5110 Christopher Lock, Jerrychester, New Mexico 32592",Returning,322.44,2024-04,2024,Tuesday,3.0,2024-04,Apr-2024
d732ea7c-e1c6-463a-ac8b-9cc9d3978d8e,41,878,Clothing,276.43,5,2024-11-28 14:59:58.897063,2024-12-01 14:59:58.897063,Delivered,Debit Card,Mobile,Email,"324 Tracey Isle Suite 238, Stephaniestad, Arizona 54149",VIP,1382.15,2024-11,2024,Thursday,3.0,2024-11,Nov-2024
613f2738-7e05-4667-8985-423fdfac5603,416,366,Toys,274.02,2,2024-08-14 14:59:58.897063,2024-08-19 14:59:58.897063,Delivered,Apple Pay,Tablet,Email,"92245 Donna Grove Suite 772, Hendersonberg, Arizona 96753",VIP,548.04,2024-08,2024,Wednesday,5.0,2024-08,Aug-2024
f1d45cd2-2b44-41c8-9e1a-0c7f4cda3b83,2022,488,Clothing,122.85,1,2024-10-23 14:59:58.897063,2024-10-24 14:59:58.897063,Delivered,PayPal,Mobile,Paid Search,"74164 Michelle Curve Apt. 436, Port Troymouth, Michigan 84772",Returning,122.85,2024-10,2024,Wednesday,1.0,2024-10,Oct-2024
6aec3c50-e4e6-4876-896d-235bd4dd2028,1156,378,Electronics,86.08,5,2024-11-25 14:59:58.897063,2024-11-29 14:59:58.897063,Delivered,Credit Card,Desktop,Email,"9388 Watson Pines Apt. 956, Port Michelechester, Missouri 35698",Returning,430.4,2024-11,2024,Monday,4.0,2024-11,Nov-2024
121d1fb9-72bc-4488-b16b-dfec6dcd381a,112,467,Clothing,154.11,1,2024-10-08 14:59:58.897063,2024-10-13 14:59:58.897063,Pending,Apple Pay,Tablet,Email,"83951 Sanchez Pine Suite 889, Martinezside, New Jersey 10805",VIP,154.11,2024-10,2024,Tuesday,5.0,2024-10,Oct-2024
e45b7289-7f36-4092-9085-3721ef5cd117,972,677,Home,336.96,3,2024-05-17 14:59:58.897063,2024-05-20 14:59:58.897063,Delivered,Google Pay,Mobile,Organic,"6948 Matthew Falls Suite 960, New Lindsaystad, Kansas 91785",Returning,1010.8799999999999,2024-05,2024,Friday,3.0,2024-05,May-2024
b8114ed3-97cf-41e7-a439-df5037988be4,368,800,Home,317.4,2,2024-12-06 14:59:58.897063,2024-12-11 14:59:58.897063,Delivered,Debit Card,Mobile,Organic,"151 Nathan Hollow, Jacobsborough, Oregon 51917",VIP,634.8,2024-12,2024,Friday,5.0,2024-12,Dec-2024
6054e0d0-724e-4add-a574-b7b2f231ac1c,675,119,Beauty,169.03,1,2025-02-02 14:59:58.897063,2025-02-07 14:59:58.897063,Delivered,Credit Card,Mobile,Social,"407 Anthony Burg, Jeromeport, Wisconsin 75404",VIP,169.03,2025-02,2025,Sunday,5.0,2025-02,Feb-2025
e83777bd-eb24-44ef-89cc-9e55306a4e8e,2845,387,Books,315.5,1,2025-01-11 14:59:58.897063,2025-01-14 14:59:58.897063,Delivered,Debit Card,Tablet,Organic,"1676 Sanchez Curve, Griffithville, Maine 16260",Returning,315.5,2025-01,2025,Saturday,3.0,2025-01,Jan-2025
59e8ca52-95b7-4232-a489-3f8cc2e44ab2,1320,680,Electronics,294.19,1,2025-02-25 14:59:58.897063,2025-03-01 14:59:58.897063,Delivered,PayPal,Tablet,Organic,"640 Heather Crest, South Joseph, Mississippi 12454",Returning,294.19,2025-02,2025,Tuesday,4.0,2025-02,Feb-2025
9c748e63-8264-481b-82fb-4cba8deb5f87,2573,802,Books,356.9,2,2024-05-20 14:59:58.897063,2024-05-24 14:59:58.897063,Delivered,Apple Pay,Tablet,Paid Search,"61609 Veronica Burgs, Gonzalezborough, Alabama 17498",Returning,713.8,2024-05,2024,Monday,4.0,2024-05,May-2024
07c8665d-3877-4065-a878-78da1918aa09,1,15,Home,322.14,2,2024-12-04 14:59:58.897063,2024-12-10 14:59:58.897063,Shipped,PayPal,Tablet,Organic,"258 Heather Lodge, Parkerport, Florida 61822",VIP,644.28,2024-12,2024,Wednesday,6.0,2024-12,Dec-2024
58a4f5f7-4ee6-4db6-8277-66970f006f61,2416,379,Clothing,479.43,1,2024-09-16 14:59:58.897063,2024-09-20 14:59:58.897063,Shipped,Apple Pay,Desktop,Email,"6364 Matthews Circle Apt. 728, Smithside, Wyoming 17387",Returning,479.43,2024-09,2024,Monday,4.0,2024-09,Sep-2024
f074757f-cc58-4c88-8390-ff2184a83134,1073,888,Toys,457.05,1,2024-04-27 14:59:58.897063,2024-05-01 14:59:58.897063,Delivered,Apple Pay,Desktop,Organic,"204 Charles Camp, Brooksview, Rhode Island 56026",VIP,457.05,2024-04,2024,Saturday,4.0,2024-04,Apr-2024
66e33514-415d-4a34-81e9-fe4f5af25a82,167,383,Home,187.05,1,2025-03-01 14:59:58.897063,2025-03-08 14:59:58.897063,Returned,Google Pay,Desktop,Social,"8442 Adams Point, New Adamfurt, South Carolina 09829",VIP,187.05,2025-03,2025,Saturday,7.0,2025-03,Mar-2025
1bc4207e-43ef-4daf-8967-1e0d47a74208,668,334,Beauty,343.68,1,2024-10-14 14:59:58.897063,2024-10-16 14:59:58.897063,Delivered,Credit Card,Tablet,Paid Search,"260 Gross Cliffs, West Patriciachester, Michigan 57470",Returning,343.68,2024-10,2024,Monday,2.0,2024-10,Oct-2024
170c714d-57aa-4aee-9aad-9ae50d595d05,1989,153,Toys,256.47,1,2025-02-07 14:59:58.897063,2025-02-08 14:59:58.897063,Shipped,Credit Card,Mobile,Social,"2311 Smith Rapid Apt. 993, Rodriguezshire, Delaware 12233",Returning,256.47,2025-02,2025,Friday,1.0,2025-02,Feb-2025
0644cfc4-1c4c-410c-9de4-84584dab688c,962,886,Toys,293.73,2,2024-10-11 14:59:58.897063,2024-10-16 14:59:58.897063,Returned,Credit Card,Tablet,Social,"86503 Velez Points, Lake Kimberlyfort, Hawaii 97144",Returning,587.46,2024-10,2024,Friday,5.0,2024-10,Oct-2024
85c0864a-b22a-42d9-89dc-e200061776a2,1235,580,Books,385.9,2,2024-07-29 14:59:58.897063,2024-08-05 14:59:58.897063,Delivered,Debit Card,Mobile,Paid Search,"9666 Harper Trafficway Suite 729, Burkeberg, Arizona 07667",Returning,771.8,2024-07,2024,Monday,7.0,2024-07,Jul-2024
c8388995-cfd7-40e1-9421-9a4d66fe13c4,830,903,Home,395.72,2,2024-10-25 14:59:58.897063,2024-10-31 14:59:58.897063,Delivered,Debit Card,Tablet,Email,"46646 Sandra Freeway Suite 821, Calvinport, Nebraska 76294",Returning,791.44,2024-10,2024,Friday,6.0,2024-10,Oct-2024
92e25be3-47e5-4e9c-865c-cdb5709853c3,2740,253,Clothing,325.38,2,2025-01-18 14:59:58.897063,2025-01-25 14:59:58.897063,Delivered,Debit Card,Mobile,Email,"252 Carter Haven Suite 160, Port Michaelmouth, Louisiana 77745",Returning,650.76,2025-01,2025,Saturday,7.0,2025-01,Jan-2025
35ae647c-940e-489e-9546-a6647648e726,736,962,Home,109.74,2,2024-07-09 14:59:58.897063,2024-07-10 14:59:58.897063,Delivered,Google Pay,Mobile,Paid Search,"80157 Maria Falls, East Russell, New Hampshire 07018",Returning,219.48,2024-07,2024,Tuesday,1.0,2024-07,Jul-2024
a26ac720-9bfb-4b69-ad6a-bdb98f71aaf3,695,25,Clothing,296.36,3,2024-06-06 14:59:58.897063,2024-06-12 14:59:58.897063,Delivered,Apple Pay,Tablet,Social,"5008 Bruce Brooks Apt. 054, Stonemouth, Idaho 33552",Returning,889.08,2024-06,2024,Thursday,6.0,2024-06,Jun-2024
f963d442-c9f9-4118-ac1c-d6651064238c,98,952,Books,216.12,1,2025-04-10 14:59:58.897063,2025-04-12 14:59:58.897063,Delivered,PayPal,Desktop,Social,"52498 Amanda Grove, West Travis, California 77871",VIP,216.12,2025-04,2025,Thursday,2.0,2025-04,Apr-2025
90f7e81b-0dee-4730-ba5e-a28b830f42d7,383,468,Electronics,377.64,1,2024-05-05 14:59:58.897063,2024-05-09 14:59:58.897063,Delivered,Apple Pay,Desktop,Social,"3216 Novak Ramp, West Erinfort, Minnesota 55040",VIP,377.64,2024-05,2024,Sunday,4.0,2024-05,May-2024
9e4b9bcc-1270-414e-b38e-edde999d043f,2273,643,Toys,366.14,5,2024-06-12 14:59:58.897063,2024-06-19 14:59:58.897063,Shipped,Google Pay,Desktop,Paid Search,"4403 Rebecca Route Suite 990, Mckenzieville, Alaska 66973",Returning,1830.6999999999998,2024-06,2024,Wednesday,7.0,2024-06,Jun-2024
afa16a2d-f54a-407e-abf8-4ffc2e0fc30e,98,470,Toys,194.98,1,2025-01-02 14:59:58.897063,2025-01-08 14:59:58.897063,Delivered,Google Pay,Tablet,Social,"691 Jackson Trafficway Apt. 520, Hollyhaven, Kentucky 94784",VIP,194.98,2025-01,2025,Thursday,6.0,2025-01,Jan-2025
b2f581ca-544f-431d-b404-5e0ec52abc9f,2138,931,Clothing,494.63,1,2024-05-08 14:59:58.897063,2024-05-14 14:59:58.897063,Delivered,PayPal,Tablet,Email,"27173 Thomas Ports Apt. 320, Gregoryview, Pennsylvania 18337",Returning,494.63,2024-05,2024,Wednesday,6.0,2024-05,May-2024
6dfcb4ed-f6ab-43f5-bd5f-c7e5f6123440,68,188,Clothing,473.49,1,2025-01-16 14:59:58.897063,2025-01-19 14:59:58.897063,Delivered,Apple Pay,Tablet,Social,"8662 Matthew Estate Apt. 562, New Stephanie, Pennsylvania 17574",VIP,473.49,2025-01,2025,Thursday,3.0,2025-01,Jan-2025
ba21eecb-bf2d-47c8-a40d-0f62589b7d13,504,964,Beauty,372.79,2,2024-08-07 14:59:58.897063,2024-08-10 14:59:58.897063,Shipped,Debit Card,Tablet,Email,"10838 Garrett Mountain Apt. 789, North Stephaniechester, Arizona 73342",VIP,745.58,2024-08,2024,Wednesday,3.0,2024-08,Aug-2024
62aea066-ea3e-4507-8874-7abb3a401ea2,1323,18,Toys,287.56,3,2024-08-04 14:59:58.897063,2024-08-10 14:59:58.897063,Returned,Debit Card,Tablet,Email,"00542 Valencia Landing Suite 462, Nicholsmouth, Michigan 18055",VIP,862.6800000000001,2024-08,2024,Sunday,6.0,2024-08,Aug-2024
2792ef70-8ea0-41d1-be0d-628d4b56981e,158,905,Home,367.71,3,2024-11-23 14:59:58.897063,2024-11-29 14:59:58.897063,Delivered,Credit Card,Desktop,Organic,"4793 Edward Fields Apt. 018, Alexandraside, Arkansas 67077",VIP,1103.1299999999999,2024-11,2024,Saturday,6.0,2024-11,Nov-2024
bbfb9190-56cb-4a3c-bd9c-d91aa275f5b2,2357,820,Books,267.37,1,2025-01-28 14:59:58.897063,2025-01-30 14:59:58.897063,Delivered,Google Pay,Tablet,Social,"55285 Charles Curve, Brownport, Delaware 34896",Returning,267.37,2025-01,2025,Tuesday,2.0,2025-01,Jan-2025
377b7c1a-e7f3-4854-8365-a83bb55a0b0a,1073,756,Toys,388.6,2,2024-08-23 14:59:58.897063,2024-08-28 14:59:58.897063,Delivered,Debit Card,Desktop,Email,"344 Vasquez Manors, New Steven, Louisiana 41277",VIP,777.2,2024-08,2024,Friday,5.0,2024-08,Aug-2024
cefa0775-baa9-4fe8-8bd7-0afbd9c25dcc,817,480,Beauty,295.33,2,2024-12-16 14:59:58.897063,2024-12-19 14:59:58.897063,Shipped,Debit Card,Desktop,Email,"927 Darlene Wells Apt. 398, Port Sethburgh, New Mexico 45336",Returning,590.66,2024-12,2024,Monday,3.0,2024-12,Dec-2024
41f9d3b9-0006-4880-af7b-7d73813df29c,1012,325,Beauty,315.46,2,2024-10-18 14:59:58.897063,2024-10-20 14:59:58.897063,Shipped,Apple Pay,Desktop,Social,"246 Mcgee Summit, Port Yvonneside, Minnesota 17070",Returning,630.92,2024-10,2024,Friday,2.0,2024-10,Oct-2024
324703c8-db27-40b5-ad9b-9f17496808ed,1534,54,Clothing,422.62,2,2024-05-20 14:59:58.897063,2024-05-27 14:59:58.897063,Delivered,PayPal,Tablet,Social,"667 Matthew Port Suite 145, Walkerport, Michigan 99544",Returning,845.24,2024-05,2024,Monday,7.0,2024-05,May-2024
a27ccc90-7653-42c8-9fc6-b1e1ade5cf71,733,176,Toys,412.48,1,2024-09-26 14:59:58.897063,2024-10-03 14:59:58.897063,Shipped,Credit Card,Mobile,Email,"47251 Estrada Ferry Suite 178, Mooretown, Florida 53963",VIP,412.48,2024-09,2024,Thursday,7.0,2024-09,Sep-2024
613b2fd9-08a0-4ee9-8d5e-d5a6579dc1b0,722,716,Clothing,148.33,2,2025-01-02 14:59:58.897063,2025-01-04 14:59:58.897063,Delivered,PayPal,Desktop,Organic,"738 Chase Forks, East Sarahport, Alabama 01020",Returning,296.66,2025-01,2025,Thursday,2.0,2025-01,Jan-2025
9e6cb1b9-09a3-4d26-adf9-7a12b5728661,1343,276,Home,121.4,2,2024-11-16 14:59:58.897063,2024-11-20 14:59:58.897063,Delivered,Debit Card,Mobile,Email,"582 Walker Fort, Vaughnborough, Pennsylvania 47820",VIP,242.8,2024-11,2024,Saturday,4.0,2024-11,Nov-2024
5e8ffa82-9ead-4e96-ba74-a6ef03f119e6,2177,73,Books,314.87,2,2024-09-25 14:59:58.897063,2024-09-28 14:59:58.897063,Delivered,Debit Card,Mobile,Email,"3211 Stephen Ranch, Port Jessicahaven, Alaska 96166",Returning,629.74,2024-09,2024,Wednesday,3.0,2024-09,Sep-2024
6fbecfc5-14ab-4de9-967d-70f338accc33,2177,21,Clothing,432.38,2,2024-11-10 14:59:58.897063,2024-11-17 14:59:58.897063,Delivered,Debit Card,Mobile,Organic,"539 Mcdonald Point Apt. 067, Friedmanport, Minnesota 06624",Returning,864.76,2024-11,2024,Sunday,7.0,2024-11,Nov-2024
bc86830d-855b-4c9e-8753-8e25964a6201,145,556,Beauty,285.01,1,2024-05-13 14:59:58.897063,2024-05-14 14:59:58.897063,Shipped,Apple Pay,Desktop,Organic,"2373 Jamie Ways, Klineview, Oklahoma 52584",VIP,285.01,2024-05,2024,Monday,1.0,2024-05,May-2024
ae2027ca-e36f-4aa1-bea5-7daa972f7f03,1,90,Toys,261.43,1,2024-10-21 14:59:58.897063,2024-10-25 14:59:58.897063,Shipped,Google Pay,Mobile,Paid Search,"05517 Terry Curve Apt. 777, Zacharybury, Mississippi 32900",VIP,261.43,2024-10,2024,Monday,4.0,2024-10,Oct-2024
583c2e82-b399-4283-9e30-1b46aa5c54dc,171,889,Electronics,192.68,1,2025-01-18 14:59:58.897063,2025-01-19 14:59:58.897063,Shipped,Debit Card,Mobile,Email,"366 Hurst Throughway Apt. 778, Sarahmouth, Iowa 33748",VIP,192.68,2025-01,2025,Saturday,1.0,2025-01,Jan-2025
aba0889f-1efa-4460-90be-b79f7fe1720b,975,22,Clothing,332.26,2,2025-03-03 14:59:58.897063,2025-03-10 14:59:58.897063,Pending,Debit Card,Tablet,Paid Search,"52017 John Land, North Rebecca, Alaska 71933",VIP,664.52,2025-03,2025,Monday,7.0,2025-03,Mar-2025
01356e36-916d-45ca-abc8-828863c71e8c,1372,107,Home,113.78,4,2024-12-13 14:59:58.897063,2024-12-14 14:59:58.897063,Shipped,Google Pay,Tablet,Social,"25648 Karina Lodge Suite 892, West Eugenemouth, Oregon 81932",Returning,455.12,2024-12,2024,Friday,1.0,2024-12,Dec-2024
0fbfe76a-04f7-4d35-bc6d-bce7f667e659,792,389,Books,323.88,3,2024-08-26 14:59:58.897063,2024-09-01 14:59:58.897063,Pending,Debit Card,Desktop,Social,"374 Gardner Mews Apt. 710, North Jessicaland, New Hampshire 06344",New,971.64,2024-08,2024,Monday,6.0,2024-08,Aug-2024
a39a3251-2578-4ec5-9a6f-93006ecfbda5,1169,939,Clothing,201.46,3,2024-09-01 14:59:58.897063,2024-09-04 14:59:58.897063,Delivered,Apple Pay,Mobile,Paid Search,"59318 Miller Inlet Suite 243, Scottmouth, Rhode Island 34687",VIP,604.38,2024-09,2024,Sunday,3.0,2024-09,Sep-2024
615e5563-5314-47aa-b485-d0b4a532e6de,2,339,Electronics,69.13,1,2024-05-18 14:59:58.897063,2024-05-24 14:59:58.897063,Shipped,Google Pay,Mobile,Paid Search,"27351 Black Green, Williammouth, Colorado 34824",VIP,69.13,2024-05,2024,Saturday,6.0,2024-05,May-2024
814ff374-960d-4714-bcd7-a392cdd50097,1,23,Beauty,192.53,1,2024-06-30 14:59:58.897063,2024-07-01 14:59:58.897063,Delivered,Debit Card,Desktop,Paid Search,"11439 Camacho Tunnel Apt. 736, West Scott, Missouri 24985",VIP,192.53,2024-06,2024,Sunday,1.0,2024-06,Jun-2024
df22e45a-374e-4249-9664-e51be4753c7f,1177,936,Toys,400.57,3,2025-01-31 14:59:58.897063,2025-02-07 14:59:58.897063,Delivered,Debit Card,Desktop,Organic,"0699 Fisher Forest, New Billychester, Arizona 18166",Returning,1201.71,2025-01,2025,Friday,7.0,2025-01,Jan-2025
f0e6bd33-fe6a-4191-8e0f-ca4a9f69f308,2071,520,Home,62.07,2,2024-12-24 14:59:58.897063,2024-12-25 14:59:58.897063,Delivered,PayPal,Desktop,Email,"130 Blake Corners, Tuckerchester, Illinois 12981",VIP,124.14,2024-12,2024,Tuesday,1.0,2024-12,Dec-2024
f53d5d18-6611-4fb3-a97c-c420eae441cf,2278,601,Electronics,90.66,2,2024-11-28 14:59:58.897063,2024-11-29 14:59:58.897063,Shipped,Apple Pay,Mobile,Social,"265 Gonzalez Walks Apt. 904, Port Kathleen, Iowa 14404",Returning,181.32,2024-11,2024,Thursday,1.0,2024-11,Nov-2024
14d3c130-34c1-4dc3-815d-7a76af2877f3,110,666,Clothing,409.09,1,2025-02-14 14:59:58.897063,2025-02-16 14:59:58.897063,Delivered,Debit Card,Tablet,Organic,"88200 Jones Junction, Greenberg, North Dakota 86271",VIP,409.09,2025-02,2025,Friday,2.0,2025-02,Feb-2025
f3ed88af-6d54-4331-8e6e-c5697312c19c,1884,62,Toys,166.64,4,2025-03-12 14:59:58.897063,2025-03-16 14:59:58.897063,Delivered,Debit Card,Tablet,Social,"21172 Meyer Place Apt. 771, Holmestown, Delaware 47508",Returning,666.56,2025-03,2025,Wednesday,4.0,2025-03,Mar-2025
48eb6069-60ae-434c-82d7-729405c472d4,2463,385,Toys,411.38,3,2024-06-02 14:59:58.897063,2024-06-03 14:59:58.897063,Delivered,Credit Card,Desktop,Paid Search,"591 Davis Estates Apt. 466, Adkinston, Arizona 76388",New,1234.1399999999999,2024-06,2024,Sunday,1.0,2024-06,Jun-2024
edb9cc80-86e4-4fa4-9ce3-2785e1beb890,2740,981,Books,37.1,2,2024-09-05 14:59:58.897063,2024-09-08 14:59:58.897063,Delivered,Google Pay,Desktop,Organic,"76613 Dillon Radial, Nuneztown, Massachusetts 44205",Returning,74.2,2024-09,2024,Thursday,3.0,2024-09,Sep-2024
19fcc663-3b9c-4f83-8e61-faed322679dc,33,688,Beauty,139.69,1,2024-07-07 14:59:58.897063,2024-07-10 14:59:58.897063,Shipped,Apple Pay,Desktop,Organic,"250 Cole Crescent, Hunterside, Montana 34713",VIP,139.69,2024-07,2024,Sunday,3.0,2024-07,Jul-2024
66d13eb6-058d-4d5d-94b6-1a301b05b01f,2432,824,Home,474.62,2,2024-09-11 14:59:58.897063,2024-09-14 14:59:58.897063,Delivered,Credit Card,Mobile,Paid Search,"084 Ortega Loop, Millerfurt, Louisiana 41751",Returning,949.24,2024-09,2024,Wednesday,3.0,2024-09,Sep-2024
5480d3ce-dc60-4b7c-84b9-33db19609ac6,187,982,Clothing,452.46,3,2024-06-18 14:59:58.897063,2024-06-25 14:59:58.897063,Delivered,Debit Card,Tablet,Social,"56492 Wallace Port, Yoderfort, Connecticut 22745",VIP,1357.3799999999999,2024-06,2024,Tuesday,7.0,2024-06,Jun-2024
1c72d565-cb73-46d4-b10b-fb1f625bbb07,763,710,Electronics,297.03,3,2024-06-20 14:59:58.897063,2024-06-24 14:59:58.897063,Delivered,Google Pay,Desktop,Social,"765 Timothy Fall, Normastad, North Dakota 16807",Returning,891.0899999999999,2024-06,2024,Thursday,4.0,2024-06,Jun-2024
2405d77f-5443-40f2-9b8e-821965405462,36,744,Clothing,381.57,3,2025-01-22 14:59:58.897063,2025-01-23 14:59:58.897063,Delivered,Google Pay,Desktop,Social,"103 Cynthia Square, Tranview, Virginia 26908",VIP,1144.71,2025-01,2025,Wednesday,1.0,2025-01,Jan-2025
2ab46cec-477b-4600-8e22-8435a295fe78,1179,746,Home,179.72,1,2024-08-23 14:59:58.897063,2024-08-27 14:59:58.897063,Shipped,Google Pay,Mobile,Social,"5120 Jeremy Squares, Catherinemouth, Massachusetts 47609",Returning,179.72,2024-08,2024,Friday,4.0,2024-08,Aug-2024
8fd57958-e032-4adc-ba2d-97eafafcd4a9,835,853,Electronics,299.94,5,2024-07-25 14:59:58.897063,2024-07-26 14:59:58.897063,Returned,Credit Card,Mobile,Social,"21905 King Plains Apt. 303, East Johnchester, Ohio 02177",VIP,1499.7,2024-07,2024,Thursday,1.0,2024-07,Jul-2024
b184f597-46b6-4922-8a74-555e98713b2a,2940,37,Clothing,136.48,4,2024-12-26 14:59:58.897063,2024-12-31 14:59:58.897063,Delivered,Apple Pay,Mobile,Email,"142 Nicholas Landing, Rachelberg, Rhode Island 48189",Returning,545.92,2024-12,2024,Thursday,5.0,2024-12,Dec-2024
d1111d87-7ac8-4582-abc9-962ae41082e8,983,882,Home,310.09,1,2025-03-27 14:59:58.897063,2025-04-02 14:59:58.897063,Delivered,Debit Card,Desktop,Email,"3922 Pamela Run Apt. 588, South Maxfurt, Mississippi 39106",Returning,310.09,2025-03,2025,Thursday,6.0,2025-03,Mar-2025
174cbfe1-9024-4eb1-a3b9-3d0872f1dd2c,1285,82,Clothing,325.98,3,2024-05-15 14:59:58.897063,2024-05-22 14:59:58.897063,Delivered,Credit Card,Desktop,Social,"980 Francis Place, West Courtney, New Jersey 82717",VIP,977.94,2024-05,2024,Wednesday,7.0,2024-05,May-2024
bc4ea629-d3f2-4421-bef6-82c25acecec3,2389,343,Beauty,60.25,1,2024-11-17 14:59:58.897063,2024-11-24 14:59:58.897063,Pending,PayPal,Tablet,Social,"4682 Davis Harbor, South Clayton, Colorado 21958",Returning,60.25,2024-11,2024,Sunday,7.0,2024-11,Nov-2024
80d1c2d5-91ef-4710-8b7f-70f5175272d6,310,321,Clothing,332.58,1,2024-04-24 14:59:58.897063,2024-05-01 14:59:58.897063,Shipped,Apple Pay,Tablet,Social,"26473 Sabrina Squares Suite 586, East Ryan, Oregon 05342",Returning,332.58,2024-04,2024,Wednesday,7.0,2024-04,Apr-2024
443f8b9b-ed09-483b-bacd-f24486811abc,1,281,Clothing,401.5,2,2024-07-10 14:59:58.897063,2024-07-13 14:59:58.897063,Delivered,Apple Pay,Tablet,Email,"808 Holmes Manors Suite 522, New Ninafort, Washington 21672",VIP,803.0,2024-07,2024,Wednesday,3.0,2024-07,Jul-2024
cd494785-7246-4ba7-a946-cd78d89167d6,1636,246,Home,56.57,3,2025-03-13 14:59:58.897063,2025-03-14 14:59:58.897063,Delivered,Debit Card,Tablet,Paid Search,"46302 Potts Camp, New Tracyhaven, New York 97574",VIP,169.71,2025-03,2025,Thursday,1.0,2025-03,Mar-2025
33089c79-b1b4-4234-b30c-7369837ac88b,551,944,Toys,226.45,1,2024-12-09 14:59:58.897063,2024-12-10 14:59:58.897063,Delivered,Credit Card,Mobile,Paid Search,"416 Farrell Dam Suite 497, Pittmanmouth, Kentucky 46652",VIP,226.45,2024-12,2024,Monday,1.0,2024-12,Dec-2024
ce9a2ab1-c7b4-4d02-9994-734011df70a2,946,400,Clothing,425.85,1,2025-03-04 14:59:58.897063,2025-03-07 14:59:58.897063,Delivered,Debit Card,Desktop,Organic,"3684 Robert Hill, Byrdberg, New Jersey 80920",VIP,425.85,2025-03,2025,Tuesday,3.0,2025-03,Mar-2025
c37f360e-044c-4c5b-a788-ec8c173f7b04,1335,34,Beauty,27.31,1,2025-03-11 14:59:58.897063,2025-03-17 14:59:58.897063,Pending,Debit Card,Desktop,Social,"19114 John Vista Apt. 666, Smithshire, Michigan 88010",VIP,27.31,2025-03,2025,Tuesday,6.0,2025-03,Mar-2025
9e3aeb3c-7b5f-475d-8369-4db09ba835b4,729,637,Books,488.74,1,2025-04-01 14:59:58.897063,2025-04-06 14:59:58.897063,Delivered,Credit Card,Desktop,Paid Search,"4997 Coleman Stream Suite 727, East John, Nebraska 75787",VIP,488.74,2025-04,2025,Tuesday,5.0,2025-04,Apr-2025
ef75aa65-52a5-46b8-9093-434089d04f80,110,850,Clothing,179.66,3,2025-02-02 14:59:58.897063,2025-02-05 14:59:58.897063,Delivered,Debit Card,Tablet,Email,"61690 Kim Junction, Victormouth, Montana 19709",VIP,538.98,2025-02,2025,Sunday,3.0,2025-02,Feb-2025
29fa7d42-682f-4801-9694-150373756265,1,107,Beauty,103.18,1,2025-02-20 14:59:58.897063,2025-02-21 14:59:58.897063,Pending,PayPal,Desktop,Organic,"091 Mason Street, East Taylorfort, Idaho 68052",VIP,103.18,2025-02,2025,Thursday,1.0,2025-02,Feb-2025
46b39e9c-fb07-4b1e-9c39-de4101759904,513,274,Beauty,281.94,1,2024-10-12 14:59:58.897063,2024-10-16 14:59:58.897063,Delivered,Google Pay,Tablet,Email,"599 Duarte Skyway Apt. 267, Chavezview, Idaho 97415",VIP,281.94,2024-10,2024,Saturday,4.0,2024-10,Oct-2024
05a06e2f-df19-436d-8888-4853932447e9,900,988,Electronics,41.53,3,2024-07-08 14:59:58.897063,2024-07-12 14:59:58.897063,Delivered,PayPal,Desktop,Social,"562 Mccormick Spurs, Bennettmouth, Michigan 75142",Returning,124.59,2024-07,2024,Monday,4.0,2024-07,Jul-2024
c87561be-22ce-41e8-bfcf-f078115b72a2,1962,630,Electronics,498.91,4,2024-05-09 14:59:58.897063,2024-05-16 14:59:58.897063,Delivered,Credit Card,Desktop,Email,"56457 David Isle Suite 890, Hamptonborough, Alaska 79244",Returning,1995.64,2024-05,2024,Thursday,7.0,2024-05,May-2024
70621cb3-0d54-459f-930e-b1fc51846be6,71,731,Beauty,269.14,1,2024-09-22 14:59:58.897063,2024-09-24 14:59:58.897063,Delivered,Debit Card,Desktop,Email,"74618 Price Island Suite 493, Franklinberg, Alaska 11371",VIP,269.14,2024-09,2024,Sunday,2.0,2024-09,Sep-2024
5f0bd834-4411-4c33-9625-e7f5600d06a6,984,903,Books,126.48,2,2025-02-16 14:59:58.897063,2025-02-19 14:59:58.897063,Returned,Google Pay,Tablet,Social,"09997 Johnson Plains Apt. 968, Rhondaborough, Mississippi 16282",Returning,252.96,2025-02,2025,Sunday,3.0,2025-02,Feb-2025
ba98c020-2f0c-467d-9139-559d049cd331,2181,558,Beauty,383.62,1,2025-01-12 14:59:58.897063,2025-01-15 14:59:58.897063,Pending,Credit Card,Tablet,Organic,"7896 Fisher Corners, Lisafurt, North Carolina 92530",Returning,383.62,2025-01,2025,Sunday,3.0,2025-01,Jan-2025
f2f55cef-b6c1-4e14-981c-7363aff4c60f,1102,393,Clothing,277.66,1,2025-02-26 14:59:58.897063,2025-03-01 14:59:58.897063,Delivered,Debit Card,Desktop,Social,"386 Weaver Drives Apt. 191, Kirkfurt, Georgia 49805",Returning,277.66,2025-02,2025,Wednesday,3.0,2025-02,Feb-2025
97543dcf-bfa6-42ca-993e-559bd4eda84a,13,122,Toys,289.28,2,2024-08-03 14:59:58.897063,2024-08-08 14:59:58.897063,Shipped,Google Pay,Mobile,Email,"598 Sara Crest, New Patriciafurt, Georgia 56644",VIP,578.56,2024-08,2024,Saturday,5.0,2024-08,Aug-2024
da375a3b-0a71-4930-b40c-9d74ab1371c6,3,199,Electronics,294.4,1,2024-05-15 14:59:58.897063,2024-05-19 14:59:58.897063,Delivered,Debit Card,Mobile,Social,"77693 Caldwell Plains Suite 536, Lake Aprilfort, Massachusetts 57094",VIP,294.4,2024-05,2024,Wednesday,4.0,2024-05,May-2024
a5484093-5ce7-4feb-a416-90e369987bdb,55,399,Beauty,357.24,2,2024-09-11 14:59:58.897063,2024-09-18 14:59:58.897063,Shipped,Apple Pay,Mobile,Organic,"029 Archer Oval, South Moniquemouth, Rhode Island 51649",VIP,714.48,2024-09,2024,Wednesday,7.0,2024-09,Sep-2024
b99c7849-837d-419f-9c31-aa867b6dee4c,1,43,Clothing,489.76,2,2025-04-19 14:59:58.897063,2025-04-26 14:59:58.897063,Shipped,Debit Card,Desktop,Paid Search,"91433 Summer Ferry, Lake Rebekahtown, Ohio 65840",VIP,979.52,2025-04,2025,Saturday,7.0,2025-04,Apr-2025
61032aa8-1ba9-40a2-a497-76b981b1ac68,351,237,Toys,346.75,1,2024-12-28 14:59:58.897063,2024-12-31 14:59:58.897063,Pending,Google Pay,Mobile,Email,"744 Gabrielle Trace, Michaelview, Rhode Island 59163",Returning,346.75,2024-12,2024,Saturday,3.0,2024-12,Dec-2024
c014e4d7-d326-4de9-9beb-b122c0ab8346,56,388,Books,448.73,1,2025-04-08 14:59:58.897063,2025-04-12 14:59:58.897063,Delivered,Google Pay,Mobile,Organic,"543 Hernandez Pine Suite 126, Tammyview, Nevada 31098",VIP,448.73,2025-04,2025,Tuesday,4.0,2025-04,Apr-2025
3545a703-1371-4a13-a1d1-b32a45892acf,1275,599,Toys,324.48,2,2025-02-16 14:59:58.897063,2025-02-22 14:59:58.897063,Delivered,Apple Pay,Tablet,Social,"9145 Davis Center, Lake Jennifertown, Iowa 98178",Returning,648.96,2025-02,2025,Sunday,6.0,2025-02,Feb-2025
dd27379c-150b-42a2-b261-fc303ef5f8da,1515,520,Clothing,8.73,1,2025-01-21 14:59:58.897063,2025-01-27 14:59:58.897063,Delivered,Google Pay,Tablet,Social,"97635 Gutierrez Falls Suite 890, Flowersfort, Florida 61127",VIP,8.73,2025-01,2025,Tuesday,6.0,2025-01,Jan-2025
1bc41c23-ff94-46ea-b255-47bc0f149764,257,265,Toys,293.26,4,2025-02-09 14:59:58.897063,2025-02-16 14:59:58.897063,Delivered,Apple Pay,Tablet,Organic,"377 Kerri Fort Apt. 342, South Deborah, Texas 30849",Returning,1173.04,2025-02,2025,Sunday,7.0,2025-02,Feb-2025
ca16465c-73e2-4d83-900b-c39489f1fe11,1013,411,Electronics,260.51,1,2025-01-25 14:59:58.897063,2025-01-26 14:59:58.897063,Shipped,Google Pay,Mobile,Social,"440 Mary Mission, Clarkbury, Tennessee 32776",Returning,260.51,2025-01,2025,Saturday,1.0,2025-01,Jan-2025
5cd5636c-da41-4271-9aef-14132697ffb6,682,744,Toys,393.71,3,2025-03-31 14:59:58.897063,2025-04-01 14:59:58.897063,Pending,PayPal,Tablet,Organic,"8498 Lauren Plaza, North Reneetown, Hawaii 33466",Returning,1181.1299999999999,2025-03,2025,Monday,1.0,2025-03,Mar-2025
2f07823d-ca68-46c1-b705-efd621c2335f,1918,907,Home,12.13,1,2024-09-23 14:59:58.897063,2024-09-26 14:59:58.897063,Delivered,Credit Card,Mobile,Email,"62599 Robin Village, Leehaven, Wisconsin 26261",New,12.13,2024-09,2024,Monday,3.0,2024-09,Sep-2024
649f5d06-624b-4d3a-9900-dcbcbb8af32e,1704,362,Books,283.62,2,2024-07-14 14:59:58.897063,2024-07-21 14:59:58.897063,Shipped,PayPal,Mobile,Email,"35137 Sara River Suite 113, North Josephland, Maryland 70308",Returning,567.24,2024-07,2024,Sunday,7.0,2024-07,Jul-2024
439a7c5a-06cf-4fa8-a212-45da4f695d07,12,631,Books,346.3,2,2025-01-25 14:59:58.897063,2025-02-01 14:59:58.897063,Shipped,Google Pay,Tablet,Paid Search,"157 Avila Forest, Louisberg, Delaware 41895",VIP,692.6,2025-01,2025,Saturday,7.0,2025-01,Jan-2025
1b8c2126-eb12-4d60-81f7-dfb7c8325869,518,303,Home,162.03,1,2024-05-07 14:59:58.897063,2024-05-13 14:59:58.897063,Pending,Apple Pay,Desktop,Organic,"1303 Carney Walk Suite 570, Williamsstad, New York 85369",Returning,162.03,2024-05,2024,Tuesday,6.0,2024-05,May-2024
b99c7849-837d-419f-9c31-aa867b6dee4c,1,43,Clothing,489.76,4,2025-04-19 14:59:58.897063,2025-04-26 14:59:58.897063,Shipped,Debit Card,Desktop,Paid Search,"91433 Summer Ferry, Lake Rebekahtown, Ohio 65840",VIP,1959.04,2025-04,2025,Saturday,7.0,2025-04,Apr-2025
d7a39e6d-d659-41f1-97bc-b182850e22bd,54,77,Clothing,155.68,1,2024-09-11 14:59:58.897063,2024-09-15 14:59:58.897063,Delivered,Debit Card,Mobile,Organic,"42427 Donald Spurs, East Anthony, Oklahoma 65810",VIP,155.68,2024-09,2024,Wednesday,4.0,2024-09,Sep-2024
c3f5baae-1886-491d-901a-13639855b24c,1241,434,Electronics,296.06,1,2024-06-20 14:59:58.897063,2024-06-25 14:59:58.897063,Delivered,PayPal,Desktop,Organic,"57552 Nichols Hill Apt. 492, Christopherbury, New Mexico 43045",Returning,296.06,2024-06,2024,Thursday,5.0,2024-06,Jun-2024
46aa6490-2e2d-4f29-afb5-fb6517fa8057,2942,187,Toys,303.98,4,2024-07-20 14:59:58.897063,2024-07-21 14:59:58.897063,Shipped,Debit Card,Mobile,Organic,"424 Gray Mall Apt. 549, Lake Sherribury, New Jersey 54748",Returning,1215.92,2024-07,2024,Saturday,1.0,2024-07,Jul-2024
1e3f5cca-9535-4786-a633-8fd94db8dbd5,890,28,Electronics,140.72,1,2024-11-25 14:59:58.897063,2024-11-30 14:59:58.897063,Pending,Debit Card,Mobile,Social,"344 Danielle Crossing, Coleview, Arizona 12855",Returning,140.72,2024-11,2024,Monday,5.0,2024-11,Nov-2024
9f922c9d-ae9d-477d-8117-23deed2bfd31,353,507,Home,217.94,3,2025-01-05 14:59:58.897063,2025-01-09 14:59:58.897063,Shipped,Google Pay,Desktop,Social,"491 Owen Ferry Suite 326, East Tina, Maryland 73483",VIP,653.8199999999999,2025-01,2025,Sunday,4.0,2025-01,Jan-2025
bdb90502-fb4a-4f83-a858-2493487b47f2,2175,764,Books,169.0,1,2024-10-14 14:59:58.897063,2024-10-20 14:59:58.897063,Delivered,Debit Card,Tablet,Paid Search,"54196 Patricia Path Apt. 374, West Lisashire, Ohio 96729",Returning,169.0,2024-10,2024,Monday,6.0,2024-10,Oct-2024
07f57306-fcce-4d3c-bdfb-67129b7d1a2f,2443,687,Home,496.17,2,2024-12-05 14:59:58.897063,2024-12-06 14:59:58.897063,Shipped,Debit Card,Tablet,Paid Search,"5460 Decker Lodge, Gallegostown, Ohio 49792",Returning,992.34,2024-12,2024,Thursday,1.0,2024-12,Dec-2024
a8a24f33-e9e4-4cc1-abbb-a37111d9be94,442,600,Clothing,273.0,2,2024-12-28 14:59:58.897063,2024-12-31 14:59:58.897063,Delivered,Google Pay,Tablet,Social,"2017 Robert Common Suite 224, Lake Patricia, Hawaii 76049",VIP,546.0,2024-12,2024,Saturday,3.0,2024-12,Dec-2024
e26e7a8a-b2c6-4b21-ae8c-29e3f4a137da,2923,550,Clothing,303.19,3,2024-07-16 14:59:58.897063,2024-07-17 14:59:58.897063,Delivered,PayPal,Desktop,Social,"21563 Torres Club Apt. 382, East Tammyhaven, New Jersey 39771",Returning,909.5699999999999,2024-07,2024,Tuesday,1.0,2024-07,Jul-2024
1bd980ed-c3b9-4d7b-80fe-8f027119f7e0,94,356,Beauty,172.18,2,2025-03-04 14:59:58.897063,2025-03-10 14:59:58.897063,Delivered,PayPal,Mobile,Organic,"9818 Carson Mount Suite 344, New Yvettetown, Virginia 97351",VIP,344.36,2025-03,2025,Tuesday,6.0,2025-03,Mar-2025
42b27f52-3817-43f7-a354-02a65fe0ce66,1276,915,Clothing,449.25,3,2025-03-12 14:59:58.897063,2025-03-18 14:59:58.897063,Pending,Credit Card,Tablet,Organic,"43918 Carter Street, Bradleyside, Missouri 74234",VIP,1347.75,2025-03,2025,Wednesday,6.0,2025-03,Mar-2025
a07b60b3-fe03-4cbe-a3e6-d5ad8d4acaea,40,738,Beauty,357.54,1,2024-11-28 14:59:58.897063,2024-12-03 14:59:58.897063,Delivered,Google Pay,Desktop,Paid Search,"817 Higgins River, Lake Ruth, Massachusetts 37715",VIP,357.54,2024-11,2024,Thursday,5.0,2024-11,Nov-2024
2580fa28-478a-4db2-81f6-705947a7de8c,143,302,Books,301.56,1,2024-06-08 14:59:58.897063,2024-06-11 14:59:58.897063,Delivered,Google Pay,Tablet,Paid Search,"17139 Curtis Gateway, East Robert, Maine 32040",VIP,301.56,2024-06,2024,Saturday,3.0,2024-06,Jun-2024
f4206cf0-1c5c-4dfd-ad9a-431da10b9a2e,2377,858,Toys,454.83,1,2024-12-19 14:59:58.897063,2024-12-26 14:59:58.897063,Delivered,PayPal,Mobile,Email,"842 Jonathan Spring, Brendamouth, Ohio 10214",Returning,454.83,2024-12,2024,Thursday,7.0,2024-12,Dec-2024
03d91a0e-a76e-45c3-9942-4320b4308a62,334,992,Home,126.69,1,2025-01-21 14:59:58.897063,2025-01-28 14:59:58.897063,Delivered,Credit Card,Desktop,Organic,"76553 Williams Hollow Suite 992, Pricehaven, Maine 14761",Returning,126.69,2025-01,2025,Tuesday,7.0,2025-01,Jan-2025
2005bb1f-d3ae-44b0-830e-3ac022028f1b,2716,534,Home,250.83,2,2024-07-22 14:59:58.897063,2024-07-26 14:59:58.897063,Delivered,Debit Card,Tablet,Paid Search,"6155 Carlos Forge, Lake Roberttown, Oregon 23493",VIP,501.66,2024-07,2024,Monday,4.0,2024-07,Jul-2024
53edb833-10fb-4b5f-a574-a404cd81e340,591,726,Clothing,391.54,1,2025-04-01 14:59:58.897063,2025-04-06 14:59:58.897063,Returned,Apple Pay,Mobile,Email,"16839 Brian Flat, Rickyton, Ohio 98182",Returning,391.54,2025-04,2025,Tuesday,5.0,2025-04,Apr-2025
7daecd4e-6307-4447-bbab-43b327ea1941,2862,187,Home,291.04,1,2024-12-06 14:59:58.897063,2024-12-09 14:59:58.897063,Returned,Google Pay,Tablet,Email,"3142 Mandy Village Suite 511, East Dustin, West Virginia 64095",Returning,291.04,2024-12,2024,Friday,3.0,2024-12,Dec-2024
bd40b4de-4490-417b-b67a-1117d30ee68b,67,246,Home,32.56,1,2024-10-01 14:59:58.897063,2024-10-08 14:59:58.897063,Delivered,Debit Card,Desktop,Email,"0464 Robinson Plaza Apt. 248, North Cynthiaport, North Carolina 62911",VIP,32.56,2024-10,2024,Tuesday,7.0,2024-10,Oct-2024
3a1818f2-c5f1-4bb4-86bd-becc116dedf2,1763,611,Books,81.47,3,2024-06-05 14:59:58.897063,2024-06-09 14:59:58.897063,Delivered,Credit Card,Tablet,Organic,"673 Nicole Freeway Suite 677, Tomview, Maryland 79450",Returning,244.41,2024-06,2024,Wednesday,4.0,2024-06,Jun-2024
50df58a3-2f9d-47e3-9ea0-7d4463adada6,86,502,Beauty,91.69,2,2025-03-27 14:59:58.897063,2025-03-31 14:59:58.897063,Delivered,Debit Card,Mobile,Paid Search,"703 Jeremiah Rapid Apt. 914, Richardfurt, Hawaii 34716",VIP,183.38,2025-03,2025,Thursday,4.0,2025-03,Mar-2025
aafde11c-264a-4487-b939-90ccb9eded7c,138,581,Clothing,9.59,4,2024-09-19 14:59:58.897063,2024-09-23 14:59:58.897063,Delivered,Apple Pay,Desktop,Email,"098 May Manors, North Tina, Kentucky 22403",VIP,38.36,2024-09,2024,Thursday,4.0,2024-09,Sep-2024
497f2ff7-4008-479a-ab0b-7af46958537a,22,601,Books,388.29,2,2024-11-11 14:59:58.897063,2024-11-15 14:59:58.897063,Delivered,Debit Card,Desktop,Social,"02970 Victoria Fork Apt. 377, North Amy, New Jersey 34179",VIP,776.58,2024-11,2024,Monday,4.0,2024-11,Nov-2024
781c16fe-2496-4945-96f4-beb3e26adc3a,2386,587,Beauty,246.94,1,2025-03-17 14:59:58.897063,2025-03-18 14:59:58.897063,Shipped,PayPal,Mobile,Organic,"01384 Schultz Oval, New James, Oregon 56598",Returning,246.94,2025-03,2025,Monday,1.0,2025-03,Mar-2025
68d50831-ec63-4615-82cd-028d6dc92271,49,827,Books,203.72,1,2024-05-10 14:59:58.897063,2024-05-13 14:59:58.897063,Delivered,Credit Card,Tablet,Paid Search,"27183 Foster Union Apt. 609, New Jerry, North Dakota 17336",VIP,203.72,2024-05,2024,Friday,3.0,2024-05,May-2024
517c0491-0d20-4f97-82af-ee8da118b817,30,741,Beauty,269.84,1,2024-09-01 14:59:58.897063,2024-09-06 14:59:58.897063,Delivered,PayPal,Tablet,Paid Search,"64863 Salazar Centers, North Janet, Virginia 03396",VIP,269.84,2024-09,2024,Sunday,5.0,2024-09,Sep-2024
9eb02bff-8eb9-4181-b006-4f9ee30d19c1,1901,408,Clothing,410.35,6,2024-06-26 14:59:58.897063,2024-07-01 14:59:58.897063,Delivered,Apple Pay,Tablet,Organic,"57001 Guzman Cliff Apt. 076, Lorettaville, Connecticut 31890",Returning,2462.1000000000004,2024-06,2024,Wednesday,5.0,2024-06,Jun-2024
1da7a590-c879-4dbf-8578-459babe0145f,671,149,Toys,286.07,1,2024-12-09 14:59:58.897063,2024-12-11 14:59:58.897063,Shipped,Credit Card,Mobile,Email,"3339 Gonzales Canyon Suite 976, Jefferyland, South Carolina 25072",Returning,286.07,2024-12,2024,Monday,2.0,2024-12,Dec-2024
3aa5644c-4ec9-4d4a-b30b-db725f45665a,1553,941,Books,210.77,4,2024-11-20 14:59:58.897063,2024-11-25 14:59:58.897063,Delivered,Apple Pay,Desktop,Organic,"5280 Amber Place, Pamelamouth, Oklahoma 14578",VIP,843.08,2024-11,2024,Wednesday,5.0,2024-11,Nov-2024
60fec036-57d4-4982-9899-a13895a31d15,1525,558,Electronics,42.61,3,2024-11-29 14:59:58.897063,2024-11-30 14:59:58.897063,Delivered,Google Pay,Tablet,Social,"4459 Christina Lane Apt. 809, Lake Andreaton, Minnesota 59860",Returning,127.83,2024-11,2024,Friday,1.0,2024-11,Nov-2024
b1a80d61-6427-435a-87e1-be9a991309a7,2891,673,Books,265.96,3,2024-09-18 14:59:58.897063,2024-09-19 14:59:58.897063,Shipped,Credit Card,Desktop,Social,"0456 Leach Garden, Lake Sandra, Utah 11191",Returning,797.8799999999999,2024-09,2024,Wednesday,1.0,2024-09,Sep-2024
68267727-168c-4107-8e26-10d09a28227b,2057,873,Beauty,276.61,1,2025-01-19 14:59:58.897063,2025-01-24 14:59:58.897063,Delivered,PayPal,Mobile,Organic,"8676 David Trail, Smithton, Massachusetts 43357",Returning,276.61,2025-01,2025,Sunday,5.0,2025-01,Jan-2025
b3c72e3d-52e7-471b-8cce-8ad5891cd23b,24,387,Beauty,66.36,4,2024-07-13 14:59:58.897063,2024-07-16 14:59:58.897063,Shipped,Credit Card,Desktop,Social,"4735 Mary Ridge Apt. 713, Lake Matthewchester, Massachusetts 46373",VIP,265.44,2024-07,2024,Saturday,3.0,2024-07,Jul-2024
e91f8358-1cfe-42c9-892c-3abaa16c2409,1444,186,Beauty,15.14,1,2024-05-07 14:59:58.897063,2024-05-10 14:59:58.897063,Pending,Credit Card,Mobile,Organic,"5667 Moran Brook Suite 233, Port Kayla, Indiana 13756",VIP,15.14,2024-05,2024,Tuesday,3.0,2024-05,May-2024
4958a359-7b22-4782-af4d-7bb8cb36f97c,633,611,Electronics,357.82,1,2024-06-06 14:59:58.897063,2024-06-13 14:59:58.897063,Delivered,Credit Card,Mobile,Organic,"98191 Diaz Fall Apt. 305, Thomasville, Texas 08043",Returning,357.82,2024-06,2024,Thursday,7.0,2024-06,Jun-2024
957af6fa-b88c-47f1-be84-9e92b37a15d7,1,935,Toys,189.88,1,2024-11-20 14:59:58.897063,2024-11-21 14:59:58.897063,Shipped,Apple Pay,Desktop,Social,"359 Nielsen Mission Apt. 494, Port Barbaraport, Wisconsin 49804",VIP,189.88,2024-11,2024,Wednesday,1.0,2024-11,Nov-2024
c1168f34-2394-4fc4-9bce-de70b610ad14,1,976,Beauty,348.03,1,2024-12-09 14:59:58.897063,2024-12-11 14:59:58.897063,Pending,Apple Pay,Desktop,Social,"6607 Morrison Stravenue Suite 377, North Sean, Idaho 50658",VIP,348.03,2024-12,2024,Monday,2.0,2024-12,Dec-2024
18312551-eacd-44e9-be11-c0dc9cc4ea7c,2015,266,Electronics,234.44,4,2024-08-24 14:59:58.897063,2024-08-27 14:59:58.897063,Returned,Apple Pay,Tablet,Paid Search,"760 Megan Radial Suite 062, Millerfort, Maryland 26998",VIP,937.76,2024-08,2024,Saturday,3.0,2024-08,Aug-2024
95b96f4b-8806-498f-8a8b-cebdad1cb75a,870,936,Toys,362.51,2,2024-12-28 14:59:58.897063,2024-12-29 14:59:58.897063,Delivered,Apple Pay,Desktop,Social,"8936 Nicole Lodge, Robertsside, Alabama 63604",New,725.02,2024-12,2024,Saturday,1.0,2024-12,Dec-2024
6050fff1-6018-4d5a-8b07-19ebd6c52eb4,2413,622,Clothing,166.01,1,2024-08-31 14:59:58.897063,2024-09-02 14:59:58.897063,Shipped,PayPal,Tablet,Paid Search,"14905 William Canyon, Port Nicholas, Delaware 07319",Returning,166.01,2024-08,2024,Saturday,2.0,2024-08,Aug-2024
993fab50-f9f2-458d-81a2-b00e131e8227,93,869,Electronics,289.12,2,2024-04-30 14:59:58.897063,2024-05-05 14:59:58.897063,Delivered,Google Pay,Desktop,Paid Search,"0824 Kerr Road Apt. 657, Dustintown, Iowa 85530",VIP,578.24,2024-04,2024,Tuesday,5.0,2024-04,Apr-2024
0ba70fd1-96b9-4e26-b212-3729d62b99cc,622,653,Toys,369.88,1,2024-07-25 14:59:58.897063,2024-07-27 14:59:58.897063,Delivered,Google Pay,Tablet,Social,"16688 Camacho Street, Juanhaven, Wisconsin 35122",Returning,369.88,2024-07,2024,Thursday,2.0,2024-07,Jul-2024
29fc13e7-0c9b-47ad-a8ff-473bd9ff3f71,85,221,Clothing,138.95,2,2025-02-26 14:59:58.897063,2025-03-04 14:59:58.897063,Shipped,Debit Card,Desktop,Social,"53567 Schaefer Camp Apt. 448, New Mark, Maryland 88607",VIP,277.9,2025-02,2025,Wednesday,6.0,2025-02,Feb-2025
dc2fb4be-e832-481f-9a20-39d9d2807ccb,138,291,Home,162.94,4,2025-02-26 14:59:58.897063,2025-02-28 14:59:58.897063,Delivered,Google Pay,Mobile,Email,"04906 Molly Rapids, Johnsonfurt, Oklahoma 55810",VIP,651.76,2025-02,2025,Wednesday,2.0,2025-02,Feb-2025
0dcf22ce-807a-4ac5-a257-bce9f30cf4a9,146,543,Electronics,451.11,4,2024-12-29 14:59:58.897063,2024-12-30 14:59:58.897063,Shipped,Debit Card,Tablet,Email,"45054 Micheal Summit, New Justinton, Wisconsin 89292",VIP,1804.44,2024-12,2024,Sunday,1.0,2024-12,Dec-2024
510dd108-a8f9-4006-851c-6998bfcefb61,1724,512,Books,388.57,1,2025-03-21 14:59:58.897063,2025-03-27 14:59:58.897063,Pending,PayPal,Mobile,Email,"77776 Ashley Field Apt. 902, Lake Thomas, Wyoming 66080",VIP,388.57,2025-03,2025,Friday,6.0,2025-03,Mar-2025
a3bf2d9c-8c13-4950-9dec-8b03a507f5e0,1932,560,Clothing,278.5,1,2025-03-03 14:59:58.897063,2025-03-08 14:59:58.897063,Delivered,Credit Card,Mobile,Organic,"82368 Sean Plaza, Tamarashire, Florida 89114",Returning,278.5,2025-03,2025,Monday,5.0,2025-03,Mar-2025
a7cbb377-fdd9-4efa-9d44-34a5134c5670,2329,699,Toys,94.68,3,2024-11-07 14:59:58.897063,2024-11-10 14:59:58.897063,Shipped,Apple Pay,Mobile,Social,"769 Jo Cliffs, Lake Theodore, Nebraska 79921",Returning,284.04,2024-11,2024,Thursday,3.0,2024-11,Nov-2024
72e304c2-605c-4790-bb78-5ae6d549234c,1120,451,Toys,446.05,2,2024-09-16 14:59:58.897063,2024-09-22 14:59:58.897063,Pending,PayPal,Mobile,Paid Search,"3939 Edwards Haven Apt. 530, West Danielville, Arizona 66248",Returning,892.1,2024-09,2024,Monday,6.0,2024-09,Sep-2024
e803d2d5-7134-4770-8333-90c0f8804f60,109,612,Clothing,150.45,2,2025-01-04 14:59:58.897063,2025-01-11 14:59:58.897063,Delivered,PayPal,Tablet,Paid Search,"23019 Bradley Hollow, Oliviaport, Nebraska 63330",VIP,300.9,2025-01,2025,Saturday,7.0,2025-01,Jan-2025
aeb1a87a-0ccc-4fbe-ba8d-231fcad8346a,3,867,Toys,288.97,2,2024-05-20 14:59:58.897063,2024-05-24 14:59:58.897063,Delivered,PayPal,Mobile,Paid Search,"367 Barton Fields Suite 171, West Nicolemouth, Washington 31855",VIP,577.94,2024-05,2024,Monday,4.0,2024-05,May-2024
19797e0e-8a81-4526-99a7-a45d4ddd41fc,2610,782,Electronics,430.14,1,2024-05-14 14:59:58.897063,2024-05-15 14:59:58.897063,Delivered,Apple Pay,Desktop,Email,"19284 Paul Flats, Ericatown, West Virginia 37125",Returning,430.14,2024-05,2024,Tuesday,1.0,2024-05,May-2024
3c0e6b08-ca0c-45cb-afc4-7a1595d1d08a,12,259,Home,257.8,4,2025-01-16 14:59:58.897063,2025-01-23 14:59:58.897063,Delivered,Google Pay,Mobile,Organic,"5335 Mark Circles, South Carrie, Rhode Island 72118",VIP,1031.2,2025-01,2025,Thursday,7.0,2025-01,Jan-2025
ee1f952e-404f-4268-8006-eac38cc60184,2146,865,Beauty,203.22,2,2024-04-23 14:59:58.897063,2024-04-24 14:59:58.897063,Delivered,Debit Card,Desktop,Email,"10847 Cheryl Estates, Tabithachester, Ohio 08036",Returning,406.44,2024-04,2024,Tuesday,1.0,2024-04,Apr-2024
98bc5369-4c01-4437-b177-77c8df2051d7,1,461,Home,126.12,4,2024-07-12 14:59:58.897063,2024-07-13 14:59:58.897063,Delivered,PayPal,Desktop,Paid Search,"1377 Moore Lane, Leeburgh, Illinois 29399",VIP,504.48,2024-07,2024,Friday,1.0,2024-07,Jul-2024
fc855671-d456-424a-a08a-f7d6696f7c60,1723,536,Electronics,43.59,3,2025-02-01 14:59:58.897063,2025-02-06 14:59:58.897063,Delivered,Apple Pay,Desktop,Email,"5919 Timothy Creek, South Dana, Wyoming 96514",Returning,130.77,2025-02,2025,Saturday,5.0,2025-02,Feb-2025
96207f58-9b34-46cd-9a6e-af2c26e1da27,381,722,Home,262.1,6,2024-09-11 14:59:58.897063,2024-09-13 14:59:58.897063,Delivered,Credit Card,Tablet,Paid Search,"729 Fischer Center, East Christinafort, Maine 44791",Returning,1572.6000000000001,2024-09,2024,Wednesday,2.0,2024-09,Sep-2024
96ad373e-5da9-44ed-8e52-874e4f3594d9,1160,821,Toys,272.51,4,2024-11-23 14:59:58.897063,2024-11-27 14:59:58.897063,Delivered,Credit Card,Mobile,Paid Search,"956 Kristine Burg, North Shane, Arizona 13575",VIP,1090.04,2024-11,2024,Saturday,4.0,2024-11,Nov-2024
6b6f1da7-e566-4b45-a56a-1d49aeb8f44d,1721,807,Beauty,364.61,2,2024-11-08 14:59:58.897063,2024-11-10 14:59:58.897063,Returned,Credit Card,Tablet,Email,"089 Coleman Spur Apt. 253, Port Samuel, Iowa 18148",Returning,729.22,2024-11,2024,Friday,2.0,2024-11,Nov-2024
04064ab2-dc85-42e1-8a84-352563e8b43d,562,34,Electronics,470.44,3,2025-03-16 14:59:58.897063,2025-03-19 14:59:58.897063,Shipped,PayPal,Desktop,Paid Search,"8489 Harrison Prairie Apt. 632, Mitchellhaven, Wyoming 38230",Returning,1411.32,2025-03,2025,Sunday,3.0,2025-03,Mar-2025
ff3cfa2d-82fd-4489-a281-48f7caeff1ee,773,441,Beauty,113.76,1,2024-11-09 14:59:58.897063,2024-11-15 14:59:58.897063,Delivered,PayPal,Tablet,Organic,"188 Benjamin Parks, Boyerfurt, South Carolina 45984",VIP,113.76,2024-11,2024,Saturday,6.0,2024-11,Nov-2024
04e985c0-ebdb-4b1a-a10a-f7ac96ddd029,413,399,Toys,453.87,2,2025-03-07 14:59:58.897063,2025-03-14 14:59:58.897063,Delivered,Google Pay,Mobile,Social,"876 Anthony Parkway, South Stacytown, Mississippi 31749",VIP,907.74,2025-03,2025,Friday,7.0,2025-03,Mar-2025
de5fc045-6248-41ba-97d7-bbe4f1f4db5b,273,772,Toys,422.09,3,2024-09-14 14:59:58.897063,2024-09-17 14:59:58.897063,Pending,Credit Card,Tablet,Organic,"91623 Angela Points, West Deborah, Washington 78224",VIP,1266.27,2024-09,2024,Saturday,3.0,2024-09,Sep-2024
cd689ea2-e6af-424b-b13f-9be3c8874141,2278,686,Books,269.31,2,2024-06-05 14:59:58.897063,2024-06-07 14:59:58.897063,Delivered,Credit Card,Mobile,Social,"789 Mark Springs, Jasonview, Montana 62361",Returning,538.62,2024-06,2024,Wednesday,2.0,2024-06,Jun-2024
f3969383-d9e1-4c4c-a9af-c78ba741aacb,2555,51,Books,92.84,3,2025-02-06 14:59:58.897063,2025-02-08 14:59:58.897063,Shipped,Apple Pay,Tablet,Organic,"704 Christine Street, Port Amanda, Montana 25571",Returning,278.52,2025-02,2025,Thursday,2.0,2025-02,Feb-2025
25e9f020-f3f2-4fea-9df6-0d1d559149ed,419,82,Books,434.63,2,2025-04-15 14:59:58.897063,2025-04-18 14:59:58.897063,Delivered,Debit Card,Mobile,Email,"28167 Sarah Canyon Suite 876, Scottberg, Hawaii 56359",VIP,869.26,2025-04,2025,Tuesday,3.0,2025-04,Apr-2025
2f984fd2-8086-45e2-9841-47d66479c7c2,162,116,Toys,303.26,1,2025-03-19 14:59:58.897063,2025-03-24 14:59:58.897063,Delivered,Google Pay,Tablet,Email,"9448 Kelly Brooks Apt. 053, Masseyberg, Utah 82426",VIP,303.26,2025-03,2025,Wednesday,5.0,2025-03,Mar-2025
62a97131-f618-43e6-8e5e-b0d0e069271b,1161,811,Home,320.89,1,2025-03-03 14:59:58.897063,2025-03-04 14:59:58.897063,Delivered,Google Pay,Desktop,Organic,"542 Mueller Viaduct, Wolfechester, Alabama 75486",Returning,320.89,2025-03,2025,Monday,1.0,2025-03,Mar-2025
1bcb3a7e-f9a3-4e5e-8f52-f7a77483b859,1944,643,Home,252.5,2,2025-04-10 14:59:58.897063,2025-04-15 14:59:58.897063,Delivered,PayPal,Tablet,Paid Search,"85382 Marcus Bridge, Ryanmouth, Rhode Island 05692",Returning,505.0,2025-04,2025,Thursday,5.0,2025-04,Apr-2025
322aa665-8af0-452d-bf5f-6f607d11af69,2007,748,Home,343.65,3,2024-12-10 14:59:58.897063,2024-12-12 14:59:58.897063,Shipped,Apple Pay,Desktop,Social,"677 Michelle Mission, West Jessetown, Virginia 98480",Returning,1030.9499999999998,2024-12,2024,Tuesday,2.0,2024-12,Dec-2024
3b38672a-2276-4429-8510-8f72103b17d7,267,833,Electronics,234.71,2,2025-01-16 14:59:58.897063,2025-01-19 14:59:58.897063,Shipped,Debit Card,Tablet,Organic,"440 Bryant Light, Lake Austin, Alabama 44883",VIP,469.42,2025-01,2025,Thursday,3.0,2025-01,Jan-2025
7dca046d-2415-48d9-a018-88813986ecd6,707,971,Home,35.66,2,2025-02-16 14:59:58.897063,2025-02-19 14:59:58.897063,Delivered,Apple Pay,Mobile,Email,"7654 Parker Bridge Suite 071, Lake Gracehaven, Colorado 90464",VIP,71.32,2025-02,2025,Sunday,3.0,2025-02,Feb-2025
e69aa100-4bdb-424d-819e-4fd654409d62,1820,847,Beauty,447.56,2,2024-08-20 14:59:58.897063,2024-08-26 14:59:58.897063,Pending,Credit Card,Tablet,Organic,"063 Lopez Junction Suite 667, Kellychester, Wyoming 86846",Returning,895.12,2024-08,2024,Tuesday,6.0,2024-08,Aug-2024
dd50de86-4144-4b76-9c28-291916f6545e,1729,780,Electronics,217.25,6,2024-09-07 14:59:58.897063,2024-09-09 14:59:58.897063,Shipped,PayPal,Desktop,Social,"2443 Allen Station, Lake Frankstad, Kentucky 36867",VIP,1303.5,2024-09,2024,Saturday,2.0,2024-09,Sep-2024
118b4eb1-e1f7-4e43-982f-47e8c0341f23,69,577,Electronics,495.7,4,2024-06-12 14:59:58.897063,2024-06-18 14:59:58.897063,Delivered,Apple Pay,Mobile,Organic,"81723 Diaz Estates Suite 560, Williamshaven, North Carolina 36078",VIP,1982.8,2024-06,2024,Wednesday,6.0,2024-06,Jun-2024
a0603744-b053-483d-990e-3740963a9a27,658,371,Home,413.74,1,2024-05-05 14:59:58.897063,2024-05-09 14:59:58.897063,Delivered,Apple Pay,Tablet,Email,"8837 Jones Union, North Edward, Minnesota 61415",VIP,413.74,2024-05,2024,Sunday,4.0,2024-05,May-2024
c5e5926f-8910-4d91-9935-cb9d5cf5348e,259,107,Home,157.29,1,2025-01-26 14:59:58.897063,2025-01-31 14:59:58.897063,Shipped,Apple Pay,Mobile,Email,"1228 Morgan Flat Apt. 921, East Mackenzie, Indiana 99280",VIP,157.29,2025-01,2025,Sunday,5.0,2025-01,Jan-2025
b433fde5-af14-4f39-8c9d-78657a7b5a00,200,805,Beauty,401.84,2,2024-06-13 14:59:58.897063,2024-06-17 14:59:58.897063,Shipped,Credit Card,Desktop,Organic,"33036 Stephanie Mount, South Karenville, Michigan 00988",VIP,803.68,2024-06,2024,Thursday,4.0,2024-06,Jun-2024
6300efa1-495f-4a92-bfd6-f52ef0a087ea,37,245,Toys,423.74,2,2024-07-22 14:59:58.897063,2024-07-27 14:59:58.897063,Delivered,Credit Card,Tablet,Paid Search,"778 Christy Coves Suite 576, New Pamelatown, Wisconsin 55047",VIP,847.48,2024-07,2024,Monday,5.0,2024-07,Jul-2024
0ab65720-9576-4369-b15b-8f2547bdb5fd,2033,734,Books,269.35,1,2024-07-23 14:59:58.897063,2024-07-27 14:59:58.897063,Delivered,Credit Card,Desktop,Paid Search,"51088 Thomas Estate Apt. 951, Wrightbury, Wyoming 21607",Returning,269.35,2024-07,2024,Tuesday,4.0,2024-07,Jul-2024
497aa035-01ee-4325-be51-4ec8ff3e8591,469,416,Clothing,476.55,2,2024-07-23 14:59:58.897063,2024-07-24 14:59:58.897063,Shipped,Apple Pay,Desktop,Email,"8694 Alexander Parks Suite 257, Lake Anthony, Utah 11001",VIP,953.1,2024-07,2024,Tuesday,1.0,2024-07,Jul-2024
f08f3531-a602-4f71-9e97-20ef61e1abb3,405,369,Electronics,457.66,1,2024-09-30 14:59:58.897063,2024-10-02 14:59:58.897063,Delivered,Apple Pay,Desktop,Email,"11782 Michael Island, East John, Arizona 67861",VIP,457.66,2024-09,2024,Monday,2.0,2024-09,Sep-2024
c1c51b62-274f-4972-ae34-86291646f9be,312,631,Home,62.76,2,2025-04-11 14:59:58.897063,2025-04-18 14:59:58.897063,Delivered,Credit Card,Mobile,Email,"9599 Jenkins Skyway Apt. 442, Wolfside, Georgia 19454",VIP,125.52,2025-04,2025,Friday,7.0,2025-04,Apr-2025
66c35b4f-aaa7-4dab-9171-728b9992f219,2205,43,Beauty,362.04,1,2024-04-26 14:59:58.897063,2024-04-29 14:59:58.897063,Delivered,Google Pay,Tablet,Paid Search,"06123 Young Crest, Lake Anitaburgh, Minnesota 29245",Returning,362.04,2024-04,2024,Friday,3.0,2024-04,Apr-2024
30aaed7e-7014-4265-a3bb-8ef32ac1a65f,797,753,Beauty,26.97,3,2024-09-22 14:59:58.897063,2024-09-28 14:59:58.897063,Delivered,Google Pay,Desktop,Email,"21880 Susan Corners, Port Brandonmouth, Montana 33330",Returning,80.91,2024-09,2024,Sunday,6.0,2024-09,Sep-2024
cd4f8e9c-cef7-4adb-add0-3a3f072545e7,74,183,Clothing,172.04,3,2024-12-22 14:59:58.897063,2024-12-23 14:59:58.897063,Shipped,Debit Card,Mobile,Social,"28703 Curtis Extensions, North Patriciafurt, Rhode Island 42507",VIP,516.12,2024-12,2024,Sunday,1.0,2024-12,Dec-2024
96636afd-9b85-460a-8bd8-7aba1a8cf971,2996,357,Toys,387.3,2,2024-08-31 14:59:58.897063,2024-09-04 14:59:58.897063,Delivered,PayPal,Mobile,Social,"3459 Nicole Brook Apt. 529, North Sarah, Mississippi 27581",Returning,774.6,2024-08,2024,Saturday,4.0,2024-08,Aug-2024
04bf1f45-09ad-488e-a4a2-3c5154ef02c0,1887,753,Toys,473.36,2,2024-06-12 14:59:58.897063,2024-06-14 14:59:58.897063,Delivered,Debit Card,Tablet,Paid Search,"9949 Jorge Knolls Apt. 664, Scotthaven, Alabama 30425",Returning,946.72,2024-06,2024,Wednesday,2.0,2024-06,Jun-2024
05e96a12-14e5-436f-89fc-053e8a6377f1,218,733,Beauty,425.27,1,2024-07-31 14:59:58.897063,2024-08-06 14:59:58.897063,Delivered,Google Pay,Mobile,Organic,"8908 Marie Port, Flynnland, West Virginia 38780",VIP,425.27,2024-07,2024,Wednesday,6.0,2024-07,Jul-2024
b50d5f30-ab19-4302-bcf1-6c0cb9ef9568,1073,322,Clothing,191.16,1,2024-10-05 14:59:58.897063,2024-10-09 14:59:58.897063,Shipped,Apple Pay,Mobile,Email,"51398 Virginia Lane Apt. 873, Amyville, Connecticut 50331",VIP,191.16,2024-10,2024,Saturday,4.0,2024-10,Oct-2024
6d3ac73c-e00d-4cfb-8a7a-53ea84be5c3b,1729,553,Toys,102.76,2,2024-12-14 14:59:58.897063,2024-12-17 14:59:58.897063,Shipped,Debit Card,Desktop,Social,"21644 Atkins Squares, East Mark, New Jersey 34837",VIP,205.52,2024-12,2024,Saturday,3.0,2024-12,Dec-2024
426ed57b-5a3e-4b3a-9c49-7048ffe65733,1588,912,Toys,438.75,4,2024-06-03 14:59:58.897063,2024-06-10 14:59:58.897063,Delivered,Credit Card,Mobile,Social,"628 Jimenez Plains Apt. 035, South Lindsey, Utah 55972",VIP,1755.0,2024-06,2024,Monday,7.0,2024-06,Jun-2024
77d58fd5-651f-4994-82ae-a337c84584e8,1188,604,Books,163.62,4,2024-12-12 14:59:58.897063,2024-12-19 14:59:58.897063,Shipped,PayPal,Desktop,Social,"106 Timothy Glens, Ochoaberg, Missouri 59227",Returning,654.48,2024-12,2024,Thursday,7.0,2024-12,Dec-2024
40352e5f-f5d9-45fc-b1a9-f0602e7b6012,2748,688,Books,440.83,1,2024-06-14 14:59:58.897063,2024-06-17 14:59:58.897063,Delivered,Credit Card,Tablet,Email,"697 Charles Passage, Kennethfurt, Maryland 84280",New,440.83,2024-06,2024,Friday,3.0,2024-06,Jun-2024
c8efdf9b-277f-463a-8c10-c342413eff7d,266,189,Clothing,127.75,1,2024-06-17 14:59:58.897063,2024-06-24 14:59:58.897063,Delivered,Apple Pay,Mobile,Paid Search,"5227 Alvarez Mountains Apt. 918, East Margaretchester, Florida 81816",Returning,127.75,2024-06,2024,Monday,7.0,2024-06,Jun-2024
3f71fed9-9292-4b15-a993-9a5b3b867859,649,422,Books,395.93,1,2024-11-09 14:59:58.897063,2024-11-16 14:59:58.897063,Delivered,Debit Card,Desktop,Paid Search,"17436 Miller Meadows Apt. 859, West Christinamouth, Massachusetts 12137",VIP,395.93,2024-11,2024,Saturday,7.0,2024-11,Nov-2024
083c7984-1f6b-4189-96e4-d63bcbde4cfb,795,709,Clothing,359.25,4,2024-05-26 14:59:58.897063,2024-06-01 14:59:58.897063,Shipped,PayPal,Desktop,Social,"859 Julie Landing, Cindyfort, Texas 06630",Returning,1437.0,2024-05,2024,Sunday,6.0,2024-05,May-2024
83322874-5792-4630-b8ab-1d2d6217a106,2604,385,Clothing,269.35,1,2024-11-19 14:59:58.897063,2024-11-22 14:59:58.897063,Delivered,Google Pay,Desktop,Social,"414 Cook Trail, Boydchester, Indiana 19029",VIP,269.35,2024-11,2024,Tuesday,3.0,2024-11,Nov-2024
20a73b1d-4532-4727-83ce-7154185b6344,486,217,Home,229.45,3,2024-12-06 14:59:58.897063,2024-12-12 14:59:58.897063,Delivered,Apple Pay,Mobile,Social,"036 Melton Lights, Leonardside, Colorado 70514",VIP,688.3499999999999,2024-12,2024,Friday,6.0,2024-12,Dec-2024
2535b6d1-b6aa-424d-ba87-e221b1cd3425,1586,341,Clothing,341.11,1,2024-09-08 14:59:58.897063,2024-09-09 14:59:58.897063,Delivered,Debit Card,Mobile,Paid Search,"7945 King Mount Apt. 470, Marshmouth, Delaware 70788",Returning,341.11,2024-09,2024,Sunday,1.0,2024-09,Sep-2024
3cd8aa32-ecc6-462b-a30b-9adf75e435e1,522,110,Home,481.37,1,2024-11-07 14:59:58.897063,2024-11-13 14:59:58.897063,Shipped,Apple Pay,Desktop,Email,"111 Misty Mission Apt. 904, Sharpchester, North Dakota 02037",Returning,481.37,2024-11,2024,Thursday,6.0,2024-11,Nov-2024
7f5e95af-8e36-4bb8-b63b-b06daeafcd51,2404,191,Beauty,30.06,2,2025-02-14 14:59:58.897063,2025-02-21 14:59:58.897063,Shipped,Debit Card,Desktop,Paid Search,"2762 Kim Field, West Tiffany, Kansas 44262",Returning,60.12,2025-02,2025,Friday,7.0,2025-02,Feb-2025
63dc797a-4e59-4c78-a945-05ac2cf4cabb,552,784,Electronics,131.41,3,2025-01-25 14:59:58.897063,2025-01-28 14:59:58.897063,Delivered,Google Pay,Mobile,Email,"628 Duran Vista, Lake Lori, Arizona 10659",Returning,394.23,2025-01,2025,Saturday,3.0,2025-01,Jan-2025
329d6ddc-18c8-4221-b41c-36022c8952c8,644,854,Home,215.81,3,2024-12-21 14:59:58.897063,2024-12-22 14:59:58.897063,Delivered,Debit Card,Tablet,Social,"51892 Elizabeth Summit, Thomaschester, Rhode Island 57262",Returning,647.4300000000001,2024-12,2024,Saturday,1.0,2024-12,Dec-2024
1b8e5a51-7c57-4c44-aed0-091f3ff7ec8d,2689,120,Electronics,116.0,2,2024-07-19 14:59:58.897063,2024-07-26 14:59:58.897063,Delivered,Apple Pay,Desktop,Email,"187 Joseph Estates Apt. 586, South Morganborough, Nevada 73053",New,232.0,2024-07,2024,Friday,7.0,2024-07,Jul-2024
fdef578e-4333-4eee-b8f7-338e727c1076,178,337,Home,445.65,2,2024-09-30 14:59:58.897063,2024-10-06 14:59:58.897063,Returned,Credit Card,Tablet,Organic,"103 Murray Ports, Lake Chad, Illinois 93233",VIP,891.3,2024-09,2024,Monday,6.0,2024-09,Sep-2024
0b194c89-c118-4ec2-80bb-ae7a9906ece8,203,332,Electronics,66.78,2,2024-10-03 14:59:58.897063,2024-10-09 14:59:58.897063,Delivered,Debit Card,Desktop,Email,"93048 Raymond Locks Apt. 845, Bishopshire, Kansas 11096",VIP,133.56,2024-10,2024,Thursday,6.0,2024-10,Oct-2024
b878ed48-adbc-440e-b452-77c406b14904,1598,723,Electronics,66.9,3,2025-03-07 14:59:58.897063,2025-03-08 14:59:58.897063,Delivered,Apple Pay,Mobile,Paid Search,"56276 Joshua Shoals, Rodriguezbury, Michigan 07559",VIP,200.70000000000002,2025-03,2025,Friday,1.0,2025-03,Mar-2025
3896f248-93f4-407d-915c-4c35435ba5ff,213,432,Toys,199.6,3,2025-01-08 14:59:58.897063,2025-01-14 14:59:58.897063,Shipped,PayPal,Tablet,Organic,"57804 Devin Center Suite 337, Roblesbury, South Carolina 29397",VIP,598.8,2025-01,2025,Wednesday,6.0,2025-01,Jan-2025
695b89f2-3f79-43b0-a1e9-b9962cadbc8a,314,422,Clothing,478.1,1,2024-06-14 14:59:58.897063,2024-06-19 14:59:58.897063,Delivered,Google Pay,Mobile,Paid Search,"55544 Johnson Walk Apt. 426, West William, Indiana 67089",VIP,478.1,2024-06,2024,Friday,5.0,2024-06,Jun-2024
7297296d-d559-42f1-a3a0-be401dc03f1e,1578,706,Beauty,242.42,1,2025-03-13 14:59:58.897063,2025-03-15 14:59:58.897063,Delivered,Apple Pay,Desktop,Social,"9845 Paula Pine, Port Jamesmouth, Idaho 50733",Returning,242.42,2025-03,2025,Thursday,2.0,2025-03,Mar-2025
06751f13-8aae-4005-91f6-b369f820eb5a,1351,419,Books,440.43,2,2025-02-10 14:59:58.897063,2025-02-13 14:59:58.897063,Shipped,Apple Pay,Tablet,Email,"538 Donald Highway Apt. 606, Lake Frankfurt, Mississippi 08422",VIP,880.86,2025-02,2025,Monday,3.0,2025-02,Feb-2025
371b1a3d-8c82-4d79-a6f7-30f9aede432e,460,630,Beauty,291.17,2,2025-03-06 14:59:58.897063,2025-03-09 14:59:58.897063,Pending,Google Pay,Mobile,Paid Search,"28249 Hartman Neck Apt. 763, New Brian, Delaware 51857",VIP,582.34,2025-03,2025,Thursday,3.0,2025-03,Mar-2025
e5ee56d6-70d2-4601-930a-8b208747cc56,626,638,Books,197.88,1,2024-04-22 14:59:58.897063,2024-04-25 14:59:58.897063,Shipped,Debit Card,Tablet,Email,"889 Reilly Land Suite 372, New Angel, Hawaii 06475",VIP,197.88,2024-04,2024,Monday,3.0,2024-04,Apr-2024
c04f74d6-5c1a-4041-a146-9e1fca0b19d0,331,178,Electronics,483.87,1,2024-10-03 14:59:58.897063,2024-10-07 14:59:58.897063,Delivered,Credit Card,Tablet,Organic,"149 David Island Apt. 768, Lake Nicolemouth, Montana 45913",VIP,483.87,2024-10,2024,Thursday,4.0,2024-10,Oct-2024
2c944749-822d-4371-82ba-864d8441e28d,1353,89,Electronics,359.44,4,2024-10-30 14:59:58.897063,2024-11-03 14:59:58.897063,Shipped,Credit Card,Tablet,Email,"12087 Haynes Estates, West Theresa, South Carolina 70512",Returning,1437.76,2024-10,2024,Wednesday,4.0,2024-10,Oct-2024
fb44bb3b-e84d-4370-aab8-4f67d6d6e051,1603,37,Books,386.49,2,2024-04-22 14:59:58.897063,2024-04-25 14:59:58.897063,Delivered,Apple Pay,Desktop,Social,"24750 Maria Plains, Janeborough, Oregon 87856",Returning,772.98,2024-04,2024,Monday,3.0,2024-04,Apr-2024
3ae84609-aed9-4db7-b562-19535acf4655,511,272,Toys,481.14,2,2025-04-07 14:59:58.897063,2025-04-10 14:59:58.897063,Delivered,Credit Card,Mobile,Social,"2067 Perez Pass, Ryanside, Arkansas 58724",Returning,962.28,2025-04,2025,Monday,3.0,2025-04,Apr-2025
a1b4b98b-5f0c-475d-af23-3e6e7f11718a,2358,848,Electronics,85.28,6,2025-01-13 14:59:58.897063,2025-01-20 14:59:58.897063,Shipped,Apple Pay,Tablet,Social,"73754 Ray Vista Apt. 764, Port Nicole, Wisconsin 11529",Returning,511.68,2025-01,2025,Monday,7.0,2025-01,Jan-2025
9567ff73-a4a4-41bb-9fed-6a0d9502dc15,137,393,Home,219.23,1,2024-08-11 14:59:58.897063,2024-08-16 14:59:58.897063,Delivered,Apple Pay,Tablet,Email,"8513 Angela Underpass Suite 338, Marissahaven, Florida 84971",VIP,219.23,2024-08,2024,Sunday,5.0,2024-08,Aug-2024
7b6ed881-b710-4900-8c02-7819551fc62c,1393,802,Electronics,418.4,1,2024-05-12 14:59:58.897063,2024-05-18 14:59:58.897063,Pending,PayPal,Desktop,Organic,"3066 Andrew Freeway Suite 622, Meganville, Ohio 19758",New,418.4,2024-05,2024,Sunday,6.0,2024-05,May-2024
725a3f71-9830-4562-b6cd-69328131717c,1558,602,Books,159.98,3,2025-01-08 14:59:58.897063,2025-01-12 14:59:58.897063,Shipped,Apple Pay,Tablet,Organic,"95489 Alfred Greens Suite 794, New Carrie, Hawaii 67064",Returning,479.93999999999994,2025-01,2025,Wednesday,4.0,2025-01,Jan-2025
a674a55f-bd89-4cef-be75-c8758488239b,131,363,Toys,371.57,1,2025-01-22 14:59:58.897063,2025-01-25 14:59:58.897063,Shipped,PayPal,Tablet,Organic,"27090 Robert Inlet Suite 698, Snydermouth, New Mexico 97156",VIP,371.57,2025-01,2025,Wednesday,3.0,2025-01,Jan-2025
28ecbf48-addb-4b0c-8bd9-54d2bf974164,162,303,Clothing,473.5,1,2025-01-02 14:59:58.897063,2025-01-03 14:59:58.897063,Delivered,PayPal,Desktop,Email,"2912 Peterson Branch, New Ericmouth, Michigan 09868",VIP,473.5,2025-01,2025,Thursday,1.0,2025-01,Jan-2025
cb4e632e-c9b6-4837-8167-9e5e4b7be453,1034,149,Toys,61.45,2,2024-11-24 14:59:58.897063,2024-12-01 14:59:58.897063,Delivered,PayPal,Mobile,Email,"350 Samantha Garden, South Stefanie, Missouri 13697",VIP,122.9,2024-11,2024,Sunday,7.0,2024-11,Nov-2024
a79b1444-80b1-4df6-8735-3db6297f36e4,2228,844,Toys,269.35,1,2025-01-02 14:59:58.897063,2025-01-08 14:59:58.897063,Shipped,Apple Pay,Desktop,Email,"65435 Kimberly Lights, South Denise, Iowa 36981",Returning,269.35,2025-01,2025,Thursday,6.0,2025-01,Jan-2025
a144e526-1daa-45bc-a4da-4b609b68bc5c,2206,726,Clothing,65.37,4,2024-11-22 14:59:58.897063,2024-11-24 14:59:58.897063,Delivered,Debit Card,Tablet,Organic,"48143 Williams Islands, Davidchester, Delaware 69171",Returning,261.48,2024-11,2024,Friday,2.0,2024-11,Nov-2024
90bd5a12-5066-43d0-a611-cd09888b344a,35,216,Clothing,389.63,1,2025-01-09 14:59:58.897063,2025-01-10 14:59:58.897063,Delivered,Google Pay,Tablet,Paid Search,"73412 Warren Mall, Ryanfort, Wyoming 87746",VIP,389.63,2025-01,2025,Thursday,1.0,2025-01,Jan-2025
b657b348-2072-454c-9d0f-f325469de082,607,276,Beauty,383.1,1,2024-10-10 14:59:58.897063,2024-10-11 14:59:58.897063,Delivered,PayPal,Desktop,Paid Search,"033 Blake Mews Apt. 649, East Ashleeberg, Louisiana 50654",Returning,383.1,2024-10,2024,Thursday,1.0,2024-10,Oct-2024
ed1dafc1-c77b-4a36-a783-5562b2edc9cb,1537,799,Electronics,420.36,2,2024-08-21 14:59:58.897063,2024-08-23 14:59:58.897063,Delivered,Google Pay,Mobile,Email,"6221 Cameron Summit, Port William, Indiana 86620",Returning,840.72,2024-08,2024,Wednesday,2.0,2024-08,Aug-2024
4c9d1672-ddbf-46a6-bc5b-2e4443fbd181,1,552,Beauty,447.34,2,2025-02-04 14:59:58.897063,2025-02-06 14:59:58.897063,Shipped,Debit Card,Mobile,Organic,"9997 Andrew Drive Apt. 542, Port Robin, Oregon 28027",VIP,894.68,2025-02,2025,Tuesday,2.0,2025-02,Feb-2025
5b588380-1743-4cb7-a71f-86fe0c8b4e1d,1441,744,Books,280.43,2,2024-10-29 14:59:58.897063,2024-11-02 14:59:58.897063,Delivered,PayPal,Mobile,Paid Search,"1752 Vernon Trace Suite 869, Kimberlystad, Oklahoma 64513",Returning,560.86,2024-10,2024,Tuesday,4.0,2024-10,Oct-2024
4d0fa0c3-9615-4a23-acfd-df6639a00b82,88,157,Clothing,170.8,2,2024-08-08 14:59:58.897063,2024-08-15 14:59:58.897063,Delivered,Apple Pay,Desktop,Paid Search,"847 Arnold Creek, Lake Joshuaside, Alabama 36959",VIP,341.6,2024-08,2024,Thursday,7.0,2024-08,Aug-2024
36d0f0d7-8c55-4138-90a4-25294bf6585e,477,700,Beauty,305.82,1,2024-11-19 14:59:58.897063,2024-11-21 14:59:58.897063,Delivered,PayPal,Desktop,Paid Search,"288 Perry Ways, South Patriciaton, Maine 72875",VIP,305.82,2024-11,2024,Tuesday,2.0,2024-11,Nov-2024
9bcf46ac-db44-412d-bc4a-d0f0bc84ef2d,40,767,Clothing,269.35,3,2025-04-01 14:59:58.897063,2025-04-07 14:59:58.897063,Delivered,Debit Card,Tablet,Paid Search,"264 Kaiser Rapids, North Elizabeth, New Mexico 86845",VIP,808.0500000000001,2025-04,2025,Tuesday,6.0,2025-04,Apr-2025
1e5502ea-8112-4ac1-a2b8-ff93ed3a7f3e,2673,435,Books,365.79,3,2024-04-22 14:59:58.897063,2024-04-27 14:59:58.897063,Returned,Debit Card,Mobile,Paid Search,"71698 Pamela Keys Suite 173, North Alexandra, Colorado 36940",Returning,1097.3700000000001,2024-04,2024,Monday,5.0,2024-04,Apr-2024
80bea988-4346-490f-82dd-dff68b64861c,1227,907,Toys,255.74,2,2025-02-19 14:59:58.897063,2025-02-21 14:59:58.897063,Delivered,PayPal,Desktop,Organic,"674 Griffith Lakes Apt. 395, Steelemouth, Ohio 31688",VIP,511.48,2025-02,2025,Wednesday,2.0,2025-02,Feb-2025
25fcce6c-c4cc-4383-a5ed-a2b22f712e37,31,187,Books,20.16,4,2025-04-18 14:59:58.897063,2025-04-25 14:59:58.897063,Delivered,Apple Pay,Desktop,Email,"32156 Kenneth Center Suite 332, North Ashleyburgh, Pennsylvania 93387",VIP,80.64,2025-04,2025,Friday,7.0,2025-04,Apr-2025
156718fa-0be9-4d5c-835a-a3fd350e2af5,66,483,Clothing,488.11,1,2024-10-25 14:59:58.897063,2024-10-29 14:59:58.897063,Delivered,Apple Pay,Tablet,Social,"5846 Freeman Court, Wagnerborough, Arizona 37813",VIP,488.11,2024-10,2024,Friday,4.0,2024-10,Oct-2024
c44e0795-8398-4704-a3ed-f12c224911e0,1041,692,Home,352.46,1,2024-05-23 14:59:58.897063,2024-05-29 14:59:58.897063,Delivered,Credit Card,Desktop,Organic,"9576 Miller Burg Apt. 822, South Michael, Kansas 84156",VIP,352.46,2024-05,2024,Thursday,6.0,2024-05,May-2024
36037850-04dc-4cba-8147-23d49adb334f,254,72,Books,264.87,3,2024-07-25 14:59:58.897063,2024-08-01 14:59:58.897063,Pending,Debit Card,Tablet,Paid Search,"25487 Emily Manors, Oscarfort, Hawaii 87971",VIP,794.61,2024-07,2024,Thursday,7.0,2024-07,Jul-2024
53e4ee2d-8eda-43cc-833f-5d1e895629a7,67,452,Toys,275.44,3,2024-07-13 14:59:58.897063,2024-07-14 14:59:58.897063,Shipped,Google Pay,Desktop,Social,"8950 Gay Stravenue, South Heidibury, Kansas 29083",VIP,826.3199999999999,2024-07,2024,Saturday,1.0,2024-07,Jul-2024
4fb7c16d-31d6-411b-bdd3-2681f1de4954,913,985,Toys,340.01,1,2025-04-11 14:59:58.897063,2025-04-13 14:59:58.897063,Delivered,Google Pay,Desktop,Organic,"8841 Brenda Roads, West Robert, Georgia 15667",VIP,340.01,2025-04,2025,Friday,2.0,2025-04,Apr-2025
bb597a1e-f124-47cb-b69b-6bf2e72649fd,101,32,Toys,320.62,3,2024-06-09 14:59:58.897063,2024-06-16 14:59:58.897063,Shipped,Credit Card,Mobile,Email,"196 Brown Coves Apt. 628, Davidtown, Indiana 81252",VIP,961.86,2024-06,2024,Sunday,7.0,2024-06,Jun-2024
0889dc43-dda9-4322-9973-48a623cfb677,888,72,Beauty,216.6,1,2024-04-24 14:59:58.897063,2024-04-28 14:59:58.897063,Delivered,Google Pay,Tablet,Email,"6818 Gilbert Row Suite 997, Davetown, West Virginia 78239",VIP,216.6,2024-04,2024,Wednesday,4.0,2024-04,Apr-2024
8ccc7fb1-9dbb-426c-ba4d-e8442418610c,1311,775,Beauty,423.0,2,2024-05-23 14:59:58.897063,2024-05-27 14:59:58.897063,Shipped,Credit Card,Desktop,Email,"6753 Smith Turnpike, Lake Brianna, South Carolina 36311",Returning,846.0,2024-05,2024,Thursday,4.0,2024-05,May-2024
63ec70d4-dd69-425e-a50f-813665754866,1196,440,Beauty,97.06,1,2025-02-15 14:59:58.897063,2025-02-21 14:59:58.897063,Delivered,Debit Card,Mobile,Organic,"72060 Robert Heights Suite 458, North Heidi, Colorado 62421",Returning,97.06,2025-02,2025,Saturday,6.0,2025-02,Feb-2025
13fafd2b-e5f6-4456-8228-89eca651c183,28,706,Home,476.62,4,2024-05-30 14:59:58.897063,2024-06-06 14:59:58.897063,Pending,PayPal,Mobile,Email,"2172 Sanchez Ville Apt. 993, New Tracy, Georgia 80476",VIP,1906.48,2024-05,2024,Thursday,7.0,2024-05,May-2024
77e41583-f896-463d-a82a-d187249a9187,2299,638,Electronics,357.71,1,2025-04-02 14:59:58.897063,2025-04-05 14:59:58.897063,Delivered,Credit Card,Tablet,Paid Search,"30627 Paul Plaza, East Bethtown, Delaware 06215",Returning,357.71,2025-04,2025,Wednesday,3.0,2025-04,Apr-2025
a9de14a6-2428-4dfb-ad48-c756f2549656,2,838,Beauty,336.12,1,2024-08-01 14:59:58.897063,2024-08-02 14:59:58.897063,Delivered,Debit Card,Tablet,Social,"837 Gwendolyn Cape Suite 956, Ortegaview, Delaware 01489",VIP,336.12,2024-08,2024,Thursday,1.0,2024-08,Aug-2024
7c675ad8-6c0e-4057-b6a6-e744bcddc8f2,2412,596,Home,438.55,2,2024-11-21 14:59:58.897063,2024-11-22 14:59:58.897063,Delivered,Google Pay,Desktop,Email,"8936 Michelle Manors, Rodriguezhaven, Massachusetts 86696",Returning,877.1,2024-11,2024,Thursday,1.0,2024-11,Nov-2024
89a713c2-8b85-443e-961c-03318d7efdc7,11,797,Home,385.85,1,2024-07-17 14:59:58.897063,2024-07-23 14:59:58.897063,Delivered,PayPal,Mobile,Paid Search,"12948 Ryan Ramp Apt. 537, New Derekmouth, South Carolina 04982",VIP,385.85,2024-07,2024,Wednesday,6.0,2024-07,Jul-2024
7cf97829-1557-4b08-ae53-58c80dd8cc35,1860,825,Toys,434.15,3,2024-12-15 14:59:58.897063,2024-12-22 14:59:58.897063,Delivered,PayPal,Desktop,Organic,"763 Martinez Ports, South Terrence, New Mexico 49241",VIP,1302.4499999999998,2024-12,2024,Sunday,7.0,2024-12,Dec-2024
3ed4b44e-3b4f-4a77-a763-100ed28e0f3d,1,801,Home,68.04,1,2025-03-06 14:59:58.897063,2025-03-10 14:59:58.897063,Shipped,Apple Pay,Tablet,Organic,"0102 Jose Estates, Clarkport, Nebraska 38364",VIP,68.04,2025-03,2025,Thursday,4.0,2025-03,Mar-2025
ee0f1c4f-3fdf-4cb6-9d70-e2217bfe3f49,2093,10,Toys,262.47,3,2024-08-07 14:59:58.897063,2024-08-11 14:59:58.897063,Delivered,Apple Pay,Desktop,Paid Search,"887 Erika Centers Suite 397, Louisville, Mississippi 19031",Returning,787.4100000000001,2024-08,2024,Wednesday,4.0,2024-08,Aug-2024
a706ecbf-6d5e-4659-876b-112858b24542,2672,998,Home,478.51,4,2025-01-24 14:59:58.897063,2025-01-27 14:59:58.897063,Delivered,Google Pay,Mobile,Email,"85899 Ramirez Summit Apt. 268, West Marymouth, Texas 66093",Returning,1914.04,2025-01,2025,Friday,3.0,2025-01,Jan-2025
f4bb6fb7-a618-407e-b7c2-1927ee3ec518,289,484,Books,46.64,2,2024-11-13 14:59:58.897063,2024-11-17 14:59:58.897063,Delivered,Credit Card,Desktop,Email,"89036 Amber Drive, Seantown, Wyoming 09265",VIP,93.28,2024-11,2024,Wednesday,4.0,2024-11,Nov-2024
e84aad60-7ef4-4c3a-9dc6-c87d654248ab,1906,888,Clothing,235.51,5,2025-02-27 14:59:58.897063,2025-03-06 14:59:58.897063,Shipped,Credit Card,Tablet,Email,"30718 Curtis Stream Suite 103, North Jesse, Washington 69803",Returning,1177.55,2025-02,2025,Thursday,7.0,2025-02,Feb-2025
ef4a19f1-f2eb-49f9-9010-c3e8b446be42,1326,956,Electronics,499.02,2,2025-01-17 14:59:58.897063,2025-01-20 14:59:58.897063,Shipped,PayPal,Desktop,Email,"7059 White Avenue Suite 268, Petersbury, Delaware 14074",VIP,998.04,2025-01,2025,Friday,3.0,2025-01,Jan-2025
b076b23d-605f-4195-b2f5-4fd675794b87,1050,101,Home,318.95,1,2024-06-09 14:59:58.897063,2024-06-12 14:59:58.897063,Delivered,Debit Card,Desktop,Paid Search,"717 Smith Lane, Lake Lisa, North Dakota 89865",Returning,318.95,2024-06,2024,Sunday,3.0,2024-06,Jun-2024
a28416d6-aede-4a62-a33c-5c4f49128ad1,200,686,Clothing,177.8,3,2024-07-23 14:59:58.897063,2024-07-26 14:59:58.897063,Delivered,Google Pay,Mobile,Paid Search,"4921 Shane Pass, Dudleyburgh, Arkansas 80356",VIP,533.4000000000001,2024-07,2024,Tuesday,3.0,2024-07,Jul-2024
53688e90-7cd8-431a-9836-d92b46c736f2,1,95,Home,126.58,3,2025-01-07 14:59:58.897063,2025-01-11 14:59:58.897063,Delivered,PayPal,Desktop,Paid Search,"266 Moore Mills, North Michael, Maine 79523",VIP,379.74,2025-01,2025,Tuesday,4.0,2025-01,Jan-2025
e552d17f-6532-44b4-833c-4f49f814f38a,75,448,Books,312.2,2,2024-07-01 14:59:58.897063,2024-07-07 14:59:58.897063,Delivered,PayPal,Desktop,Social,"62273 Baxter Road, North Grace, Washington 82904",VIP,624.4,2024-07,2024,Monday,6.0,2024-07,Jul-2024
4879fd3b-e0cd-46a6-8361-4597c00ccbc6,1602,932,Electronics,375.98,3,2024-11-28 14:59:58.897063,2024-11-29 14:59:58.897063,Delivered,Apple Pay,Tablet,Organic,"044 Garner Passage Apt. 498, Bakerville, Oklahoma 89638",Returning,1127.94,2024-11,2024,Thursday,1.0,2024-11,Nov-2024
59de5827-5f15-4359-8a06-7b0b236281fb,1326,660,Books,105.82,1,2024-11-07 14:59:58.897063,2024-11-13 14:59:58.897063,Delivered,PayPal,Tablet,Paid Search,"6280 Anthony Skyway Suite 066, East Kyleton, Vermont 36914",VIP,105.82,2024-11,2024,Thursday,6.0,2024-11,Nov-2024
8cf33e7b-8164-48e4-961e-6ba6a8d06a4f,470,187,Beauty,121.88,2,2025-04-11 14:59:58.897063,2025-04-13 14:59:58.897063,Returned,PayPal,Tablet,Organic,"2034 William Loaf Apt. 098, Port Victoria, New Hampshire 71054",Returning,243.76,2025-04,2025,Friday,2.0,2025-04,Apr-2025
74fe4b34-71ac-464d-a51e-2ea661fc23f4,9,146,Toys,456.37,1,2024-11-17 14:59:58.897063,2024-11-18 14:59:58.897063,Shipped,Apple Pay,Mobile,Social,"016 Thompson Unions Apt. 661, Michaeltown, Pennsylvania 50899",VIP,456.37,2024-11,2024,Sunday,1.0,2024-11,Nov-2024
524a1d68-3e32-41c9-b60a-773952da5d82,2011,176,Home,15.33,1,2025-02-12 14:59:58.897063,2025-02-13 14:59:58.897063,Delivered,Credit Card,Mobile,Email,"5484 Michael Tunnel Suite 076, West Brett, West Virginia 44896",New,15.33,2025-02,2025,Wednesday,1.0,2025-02,Feb-2025
d50ae56c-39f3-4fb9-8999-3b650839fcb7,14,231,Home,233.4,1,2024-11-12 14:59:58.897063,2024-11-18 14:59:58.897063,Delivered,Debit Card,Tablet,Email,"7663 Alexander Wells, Francoborough, Wisconsin 21693",VIP,233.4,2024-11,2024,Tuesday,6.0,2024-11,Nov-2024
91f38ff2-4376-4837-9b7c-41f809952219,2256,878,Toys,497.34,1,2025-01-16 14:59:58.897063,2025-01-18 14:59:58.897063,Delivered,Credit Card,Desktop,Organic,"30208 Kurt Coves Suite 389, Woodsland, Utah 00635",Returning,497.34,2025-01,2025,Thursday,2.0,2025-01,Jan-2025
96f3e930-fae3-45bd-998a-7cc4cb7e9a1d,142,609,Home,108.92,4,2024-09-15 14:59:58.897063,2024-09-17 14:59:58.897063,Delivered,Credit Card,Tablet,Social,"14502 Mcdowell Light, Blakeberg, Michigan 97777",VIP,435.68,2024-09,2024,Sunday,2.0,2024-09,Sep-2024
7b79db7b-851c-455c-80b9-53eca206f8db,2943,507,Books,251.36,1,2024-11-15 14:59:58.897063,2024-11-17 14:59:58.897063,Delivered,PayPal,Tablet,Paid Search,"08093 Solis Springs Apt. 112, Williamsborough, New Hampshire 49953",New,251.36,2024-11,2024,Friday,2.0,2024-11,Nov-2024
3f70c5f6-e441-4b4b-be9a-9530c705c2ee,103,627,Beauty,310.81,1,2025-03-05 14:59:58.897063,2025-03-08 14:59:58.897063,Delivered,Debit Card,Tablet,Paid Search,"1189 Justin Cliffs, North Robert, Texas 18028",VIP,310.81,2025-03,2025,Wednesday,3.0,2025-03,Mar-2025
5ac0d73c-7cc1-45c6-ac9c-c7c2333fc3cc,270,446,Electronics,422.73,1,2024-11-16 14:59:58.897063,2024-11-17 14:59:58.897063,Delivered,Google Pay,Tablet,Email,"93513 Tucker Highway, Riverahaven, South Carolina 24071",VIP,422.73,2024-11,2024,Saturday,1.0,2024-11,Nov-2024
87dfbde7-c96f-4ee8-ac74-9db712ff4e0b,1199,476,Home,411.48,1,2024-09-01 14:59:58.897063,2024-09-02 14:59:58.897063,Returned,Apple Pay,Mobile,Paid Search,"316 Oliver Lodge Apt. 826, Antoniomouth, Oklahoma 14629",Returning,411.48,2024-09,2024,Sunday,1.0,2024-09,Sep-2024
2f340a0a-ffb1-42ef-af02-8cbf9ef42737,1368,428,Beauty,200.26,3,2024-04-28 14:59:58.897063,2024-05-02 14:59:58.897063,Delivered,Credit Card,Desktop,Paid Search,"78287 Gregory Stravenue Suite 732, Frederickchester, Alaska 51669",VIP,600.78,2024-04,2024,Sunday,4.0,2024-04,Apr-2024
59498989-c26b-454b-ad83-1332cce05db0,2,445,Books,5.34,2,2024-12-10 14:59:58.897063,2024-12-11 14:59:58.897063,Delivered,Apple Pay,Desktop,Social,"4742 Martin Burgs, Robinsonville, West Virginia 02748",VIP,10.68,2024-12,2024,Tuesday,1.0,2024-12,Dec-2024
c486ff1d-d092-4fe6-8b30-0a1d1a15e1a8,2560,578,Books,111.07,3,2024-08-16 14:59:58.897063,2024-08-21 14:59:58.897063,Delivered,Debit Card,Tablet,Organic,"017 Hobbs Turnpike Suite 495, West Karen, Delaware 71252",Returning,333.21,2024-08,2024,Friday,5.0,2024-08,Aug-2024
d3da38c4-c59b-4c4e-8a61-a1ac207bcf00,312,216,Beauty,251.95,2,2024-09-23 14:59:58.897063,2024-09-28 14:59:58.897063,Delivered,Google Pay,Desktop,Organic,"74873 Hudson Park Apt. 265, Faulknerville, Maryland 99730",VIP,503.9,2024-09,2024,Monday,5.0,2024-09,Sep-2024
9004fe2a-fad5-47c1-9702-5e4560c685b9,1017,118,Toys,204.24,2,2025-03-15 14:59:58.897063,2025-03-18 14:59:58.897063,Delivered,PayPal,Mobile,Organic,"69249 James Ranch Apt. 269, New Brianna, North Dakota 78263",Returning,408.48,2025-03,2025,Saturday,3.0,2025-03,Mar-2025
0cb5b3d4-2f7f-43af-a626-78195ddb9ba1,2194,812,Home,116.99,1,2024-12-26 14:59:58.897063,2024-12-30 14:59:58.897063,Shipped,Google Pay,Desktop,Paid Search,"29870 James Pines, South Kristenburgh, Ohio 16026",Returning,116.99,2024-12,2024,Thursday,4.0,2024-12,Dec-2024
04c4dfe3-dcbf-4745-976d-4b1e906890a5,2450,544,Electronics,355.72,3,2024-07-26 14:59:58.897063,2024-07-30 14:59:58.897063,Delivered,Debit Card,Desktop,Organic,"6592 Ruiz Rest Apt. 265, Pricemouth, Alaska 64332",Returning,1067.16,2024-07,2024,Friday,4.0,2024-07,Jul-2024
3c91a9c6-7ff3-42a1-80e3-539278e26cac,46,857,Beauty,312.72,3,2024-07-24 14:59:58.897063,2024-07-30 14:59:58.897063,Delivered,Apple Pay,Desktop,Social,"4069 Joshua Square Apt. 963, East Kellyshire, Maryland 07896",VIP,938.1600000000001,2024-07,2024,Wednesday,6.0,2024-07,Jul-2024
2a4e4bf5-331b-4ca8-bea4-508c32a23d40,65,374,Home,238.75,2,2024-12-22 14:59:58.897063,2024-12-23 14:59:58.897063,Delivered,Apple Pay,Desktop,Organic,"1837 Brady Path, New Jesseberg, California 65125",VIP,477.5,2024-12,2024,Sunday,1.0,2024-12,Dec-2024
cdef229d-adfb-4eeb-8764-a3d78eab8413,1504,274,Toys,8.31,2,2024-06-04 14:59:58.897063,2024-06-07 14:59:58.897063,Delivered,Debit Card,Mobile,Organic,"1293 Carol Prairie Suite 255, Rachelburgh, Pennsylvania 79375",Returning,16.62,2024-06,2024,Tuesday,3.0,2024-06,Jun-2024
7543a744-46bd-40ea-bf10-d6830cbd277a,1,909,Home,222.5,1,2024-11-15 14:59:58.897063,2024-11-22 14:59:58.897063,Delivered,PayPal,Mobile,Organic,"695 Gonzalez Lights, North Robertbury, New Mexico 14276",VIP,222.5,2024-11,2024,Friday,7.0,2024-11,Nov-2024
1d824dce-e049-4961-9531-11139f7bad37,826,683,Toys,399.83,2,2024-07-30 14:59:58.897063,2024-08-02 14:59:58.897063,Delivered,PayPal,Desktop,Paid Search,"380 Isaiah Route Apt. 481, East Deborahfort, Florida 80792",VIP,799.66,2024-07,2024,Tuesday,3.0,2024-07,Jul-2024
84e0173c-2ab2-4ee7-9b0a-64b23038cb4c,689,458,Beauty,127.43,1,2025-01-04 14:59:58.897063,2025-01-08 14:59:58.897063,Delivered,Google Pay,Tablet,Social,"3700 Vickie Motorway Apt. 972, Gallagherfort, Hawaii 18980",Returning,127.43,2025-01,2025,Saturday,4.0,2025-01,Jan-2025
cafd8b85-bf84-41b3-a5fd-c9ad7055dbc8,772,372,Books,453.63,2,2024-11-29 14:59:58.897063,2024-12-04 14:59:58.897063,Delivered,PayPal,Tablet,Social,"627 Mills Forges, North Cathyport, Minnesota 77044",VIP,907.26,2024-11,2024,Friday,5.0,2024-11,Nov-2024
f950466f-c1fe-41e6-a2dc-e8e7d791c417,649,67,Toys,255.17,1,2024-08-30 14:59:58.897063,2024-09-05 14:59:58.897063,Delivered,Credit Card,Tablet,Paid Search,"9260 Julia Stream, Lake Heatherside, Oregon 60354",VIP,255.17,2024-08,2024,Friday,6.0,2024-08,Aug-2024
ae1af3f5-7a59-465e-bcf7-b687044ba3f9,520,614,Toys,319.43,2,2025-01-24 14:59:58.897063,2025-01-29 14:59:58.897063,Pending,Credit Card,Mobile,Paid Search,"53238 Roberts Isle Suite 536, Jenniferview, Kansas 17207",VIP,638.86,2025-01,2025,Friday,5.0,2025-01,Jan-2025
c50358bf-3c35-461a-9960-6521db56c14b,2722,999,Electronics,254.9,1,2024-05-11 14:59:58.897063,,Pending,Google Pay,Mobile,Social,"6808 Young Street, Lake Edward, New Hampshire 80991",Returning,254.9,2024-05,2024,Saturday,,2024-05,May-2024
a22b46ae-283e-4462-bf94-331f05fa367d,1021,567,Books,326.49,1,2024-12-10 14:59:58.897063,2024-12-13 14:59:58.897063,Delivered,PayPal,Desktop,Email,"36339 Todd Shore, West Christopher, Colorado 30371",VIP,326.49,2024-12,2024,Tuesday,3.0,2024-12,Dec-2024
7f80971a-8072-47b0-826f-a82126db806b,1020,1,Books,247.5,1,2024-10-15 14:59:58.897063,2024-10-20 14:59:58.897063,Delivered,Apple Pay,Desktop,Social,"858 Martin Path Apt. 971, Juliefurt, Nebraska 78174",VIP,247.5,2024-10,2024,Tuesday,5.0,2024-10,Oct-2024
97dbe1a1-45c4-47d5-9fb6-318aed010760,404,83,Toys,489.93,1,2024-09-15 14:59:58.897063,2024-09-18 14:59:58.897063,Returned,Apple Pay,Mobile,Organic,"85369 Rios Causeway Suite 960, Odonnellfurt, California 52802",VIP,489.93,2024-09,2024,Sunday,3.0,2024-09,Sep-2024
ae89cf44-19d8-45c6-9839-64b724980f39,58,768,Books,196.53,4,2024-04-22 14:59:58.897063,2024-04-27 14:59:58.897063,Shipped,Google Pay,Tablet,Paid Search,"0862 Orozco Motorway, West Ryanfort, Idaho 65307",VIP,786.12,2024-04,2024,Monday,5.0,2024-04,Apr-2024
299b9171-bd4d-4630-b971-9fce32d52abf,450,276,Clothing,274.09,1,2025-02-14 14:59:58.897063,2025-02-18 14:59:58.897063,Delivered,Apple Pay,Mobile,Paid Search,"3075 Wesley Overpass, Williamsstad, Maryland 47442",VIP,274.09,2025-02,2025,Friday,4.0,2025-02,Feb-2025
c14ac3ff-8820-49d9-9e79-9f7d26f8c7f4,42,161,Beauty,328.9,1,2024-10-25 14:59:58.897063,2024-10-29 14:59:58.897063,Shipped,Google Pay,Mobile,Email,"699 Walker Pine, West Shannon, Tennessee 60030",VIP,328.9,2024-10,2024,Friday,4.0,2024-10,Oct-2024
71c85192-3942-4561-a2ab-0f778f125c08,2165,707,Home,319.21,3,2024-09-18 14:59:58.897063,2024-09-22 14:59:58.897063,Delivered,Google Pay,Tablet,Paid Search,"734 Smith Dam, Lisaberg, Michigan 85457",Returning,957.6299999999999,2024-09,2024,Wednesday,4.0,2024-09,Sep-2024
b9d80d2d-7c2c-4428-9ffc-21cbac90b926,314,494,Books,270.69,1,2025-03-23 14:59:58.897063,2025-03-27 14:59:58.897063,Pending,Apple Pay,Mobile,Email,"5627 Foster Orchard Apt. 431, West Nicholas, Idaho 96744",VIP,270.69,2025-03,2025,Sunday,4.0,2025-03,Mar-2025
c186e9e9-860f-4bd2-8167-eef30cac1a8d,1630,715,Books,465.41,2,2024-04-30 14:59:58.897063,2024-05-03 14:59:58.897063,Delivered,Debit Card,Tablet,Organic,"382 Mark River Apt. 207, Michaeltown, Texas 06898",Returning,930.82,2024-04,2024,Tuesday,3.0,2024-04,Apr-2024
468993f7-551f-4fae-a1b0-af4aa43ee470,2431,10,Home,303.13,1,2024-12-05 14:59:58.897063,2024-12-07 14:59:58.897063,Shipped,Apple Pay,Desktop,Organic,"915 Hines Port, Crystalmouth, Kansas 08738",New,303.13,2024-12,2024,Thursday,2.0,2024-12,Dec-2024
411ba57f-b35c-4154-ac12-ea9743a3df99,136,166,Beauty,225.16,3,2024-05-12 14:59:58.897063,2024-05-16 14:59:58.897063,Delivered,PayPal,Mobile,Email,"848 Jason Mission Apt. 306, Mirandahaven, Alabama 33103",VIP,675.48,2024-05,2024,Sunday,4.0,2024-05,May-2024
c72554de-9580-4d80-bbd7-c3909a55f33c,493,489,Electronics,86.93,2,2024-08-26 14:59:58.897063,2024-08-27 14:59:58.897063,Delivered,Debit Card,Desktop,Paid Search,"204 Jack Gardens Apt. 041, Lake Robert, Massachusetts 70911",VIP,173.86,2024-08,2024,Monday,1.0,2024-08,Aug-2024
31296871-c7fd-44da-9bea-d09b3a2541cf,1072,96,Home,123.94,2,2024-08-09 14:59:58.897063,2024-08-15 14:59:58.897063,Delivered,Google Pay,Tablet,Email,"3732 Lauren Views Suite 903, Kellerchester, West Virginia 78095",VIP,247.88,2024-08,2024,Friday,6.0,2024-08,Aug-2024
92b60a51-7b5e-4112-a101-c6e7b29dfd1e,698,957,Toys,299.4,2,2024-05-05 14:59:58.897063,2024-05-06 14:59:58.897063,Returned,Credit Card,Tablet,Email,"5959 Wanda Village Suite 328, Martineztown, Oklahoma 78242",Returning,598.8,2024-05,2024,Sunday,1.0,2024-05,May-2024
3f9435e2-df98-44a8-b939-b77368defecc,551,324,Electronics,447.88,4,2024-11-01 14:59:58.897063,2024-11-04 14:59:58.897063,Delivered,PayPal,Tablet,Email,"441 Abbott Path, Andreatown, Missouri 58552",VIP,1791.52,2024-11,2024,Friday,3.0,2024-11,Nov-2024
26287b9d-dc71-4f91-9fdf-3324618c20b1,2020,57,Toys,179.28,4,2024-09-09 14:59:58.897063,2024-09-16 14:59:58.897063,Delivered,Credit Card,Mobile,Social,"97856 James Locks, Logantown, Michigan 43694",New,717.12,2024-09,2024,Monday,7.0,2024-09,Sep-2024
409e366c-ad05-495d-b71d-6c7f164aef75,1544,924,Home,28.66,1,2025-02-22 14:59:58.897063,2025-02-24 14:59:58.897063,Delivered,Credit Card,Tablet,Email,"844 Ramirez Ridges Suite 522, North Julie, Texas 92430",Returning,28.66,2025-02,2025,Saturday,2.0,2025-02,Feb-2025
f3ce33f3-b42f-4d25-8c98-b0a8fe4fcd3e,8,416,Electronics,395.73,2,2024-06-24 14:59:58.897063,2024-06-28 14:59:58.897063,Delivered,PayPal,Mobile,Paid Search,"8870 Christina Center Suite 251, Lake Natashahaven, Alabama 01634",VIP,791.46,2024-06,2024,Monday,4.0,2024-06,Jun-2024
613729b6-26f2-4f35-8b67-21e7e2242e94,595,682,Electronics,317.1,4,2024-07-30 14:59:58.897063,2024-08-04 14:59:58.897063,Shipped,Google Pay,Desktop,Paid Search,"25490 Craig Landing, Shawview, Montana 57734",Returning,1268.4,2024-07,2024,Tuesday,5.0,2024-07,Jul-2024
770a05de-65d4-4a53-92fd-c8dab364301f,313,527,Beauty,365.87,2,2024-07-15 14:59:58.897063,2024-07-16 14:59:58.897063,Delivered,Debit Card,Desktop,Organic,"1676 Amanda Drives, Port Benjamin, Florida 24419",Returning,731.74,2024-07,2024,Monday,1.0,2024-07,Jul-2024
aa2c14bd-88df-4671-9e53-75d676f88753,1121,308,Electronics,189.8,2,2024-10-23 14:59:58.897063,2024-10-26 14:59:58.897063,Delivered,PayPal,Mobile,Social,"69282 Hughes Shore, Port Elizabeth, Tennessee 99652",Returning,379.6,2024-10,2024,Wednesday,3.0,2024-10,Oct-2024
f21628a4-2e36-45dd-aaa3-74295062d7d3,228,841,Clothing,189.07,4,2024-10-13 14:59:58.897063,2024-10-20 14:59:58.897063,Shipped,Credit Card,Mobile,Organic,"1493 Jackson Inlet, New Albertborough, Minnesota 11198",VIP,756.28,2024-10,2024,Sunday,7.0,2024-10,Oct-2024
4b730c8c-cfbe-4e2e-9225-d1f1b54d0b82,103,84,Home,105.91,1,2024-12-11 14:59:58.897063,2024-12-15 14:59:58.897063,Returned,Debit Card,Desktop,Email,"323 Brown Lakes, West Lauren, Michigan 12841",VIP,105.91,2024-12,2024,Wednesday,4.0,2024-12,Dec-2024
56d2e434-3a42-49c2-b69d-5529687aa9f3,1359,958,Electronics,473.14,1,2024-06-13 14:59:58.897063,2024-06-14 14:59:58.897063,Delivered,Credit Card,Tablet,Social,"2287 Corey Crest, North Angela, Nebraska 47503",Returning,473.14,2024-06,2024,Thursday,1.0,2024-06,Jun-2024
052fdb42-05b4-423b-b628-00fa2a5165e7,9,755,Toys,204.11,4,2025-02-07 14:59:58.897063,2025-02-08 14:59:58.897063,Delivered,Apple Pay,Desktop,Organic,"8061 Cody Run Apt. 776, New Shawnview, Oregon 29508",VIP,816.44,2025-02,2025,Friday,1.0,2025-02,Feb-2025
64a3a8e7-98c9-45d2-ba3f-303451de3fca,1107,232,Books,196.32,3,2024-10-20 14:59:58.897063,2024-10-25 14:59:58.897063,Delivered,Credit Card,Desktop,Social,"395 Johnson Plains Apt. 137, Deanport, Louisiana 09792",Returning,588.96,2024-10,2024,Sunday,5.0,2024-10,Oct-2024
cc956082-a2ee-41a8-b129-b4031bb634ca,127,480,Toys,251.43,2,2025-03-16 14:59:58.897063,2025-03-23 14:59:58.897063,Delivered,Debit Card,Mobile,Organic,"45090 Hardy Place, South Samantha, New Mexico 48238",VIP,502.86,2025-03,2025,Sunday,7.0,2025-03,Mar-2025
3684be9e-4b6a-4461-976a-b1594dfbfcc9,1,354,Beauty,193.27,1,2024-11-08 14:59:58.897063,2024-11-13 14:59:58.897063,Shipped,Google Pay,Desktop,Organic,"1068 Amber Land Apt. 466, Brittanyfort, Pennsylvania 85292",VIP,193.27,2024-11,2024,Friday,5.0,2024-11,Nov-2024
21c94ba7-bed0-4e77-9986-326b49fd643b,304,841,Home,45.92,3,2024-11-29 14:59:58.897063,2024-12-05 14:59:58.897063,Delivered,Debit Card,Desktop,Social,"8330 Timothy Track Apt. 617, East Leahmouth, New Hampshire 47006",VIP,137.76,2024-11,2024,Friday,6.0,2024-11,Nov-2024
fef2e4e7-85aa-44ea-b5c6-28a5d9109f07,1143,442,Books,355.28,2,2025-03-18 14:59:58.897063,2025-03-19 14:59:58.897063,Shipped,Google Pay,Desktop,Organic,"237 Shepherd Plaza, East Michael, Georgia 98144",VIP,710.56,2025-03,2025,Tuesday,1.0,2025-03,Mar-2025
4def241c-8e36-4a92-a741-bfaa30c7f914,104,559,Toys,380.74,1,2024-10-22 14:59:58.897063,2024-10-28 14:59:58.897063,Delivered,PayPal,Mobile,Paid Search,"316 Adkins Camp Suite 537, Katherinefort, New Mexico 08981",VIP,380.74,2024-10,2024,Tuesday,6.0,2024-10,Oct-2024
cac85f43-07e9-40fa-b7c5-956957a6a34b,771,260,Home,205.99,1,2024-12-25 14:59:58.897063,2024-12-30 14:59:58.897063,Shipped,PayPal,Mobile,Email,"912 Schmidt Throughway Apt. 649, Lake Arthur, Virginia 00738",Returning,205.99,2024-12,2024,Wednesday,5.0,2024-12,Dec-2024
b0b9a4dd-d1d2-42fd-85ea-fec8af7c60b0,54,890,Toys,9.03,1,2025-01-08 14:59:58.897063,2025-01-14 14:59:58.897063,Delivered,PayPal,Mobile,Social,"391 Richardson Light, East Stacy, Illinois 55096",VIP,9.03,2025-01,2025,Wednesday,6.0,2025-01,Jan-2025
650ecbf3-7d8a-4773-905b-4a69eb6e9b53,1417,704,Clothing,258.73,1,2025-04-01 14:59:58.897063,2025-04-07 14:59:58.897063,Shipped,Credit Card,Tablet,Paid Search,"8138 Schwartz Radial Apt. 459, Hannaland, North Dakota 45663",Returning,258.73,2025-04,2025,Tuesday,6.0,2025-04,Apr-2025
6c83a6c2-21dd-41b2-a9c0-e64f9fec63be,33,220,Clothing,184.01,3,2024-12-31 14:59:58.897063,2025-01-06 14:59:58.897063,Delivered,Apple Pay,Mobile,Email,"53936 Richardson Streets, Edwardsfurt, Iowa 48793",VIP,552.03,2024-12,2024,Tuesday,6.0,2024-12,Dec-2024
bd188905-a673-46bd-8930-c05a3d4e1949,268,115,Books,139.48,1,2025-01-13 14:59:58.897063,2025-01-20 14:59:58.897063,Delivered,PayPal,Desktop,Organic,"742 Taylor Meadow, Port Kathrynside, Oklahoma 19220",VIP,139.48,2025-01,2025,Monday,7.0,2025-01,Jan-2025
aec5250b-b322-49ae-8e23-c20829aceb45,532,232,Clothing,266.1,1,2024-07-12 14:59:58.897063,2024-07-18 14:59:58.897063,Delivered,Apple Pay,Tablet,Paid Search,"31098 Vernon Glens Suite 774, Websterside, Texas 21176",VIP,266.1,2024-07,2024,Friday,6.0,2024-07,Jul-2024
d00b97b2-cb34-4219-a81c-5457ca28f0af,2039,352,Books,269.35,1,2025-02-26 14:59:58.897063,2025-03-02 14:59:58.897063,Shipped,Google Pay,Mobile,Email,"4038 Boyd Highway Suite 056, Brooksshire, Missouri 44065",New,269.35,2025-02,2025,Wednesday,4.0,2025-02,Feb-2025
09670390-4fc3-4730-afc6-68eb6a7bc8ae,17,320,Clothing,325.57,3,2025-01-24 14:59:58.897063,2025-01-29 14:59:58.897063,Shipped,PayPal,Tablet,Organic,"98075 Scott Glens, New Christopher, California 99262",VIP,976.71,2025-01,2025,Friday,5.0,2025-01,Jan-2025
17f41b2f-0374-4c3c-ac4d-a058b451d5b6,2670,389,Clothing,267.99,1,2024-07-07 14:59:58.897063,2024-07-13 14:59:58.897063,Delivered,PayPal,Desktop,Paid Search,"531 Kenneth Mountains Suite 440, Sabrinaport, Maryland 30022",Returning,267.99,2024-07,2024,Sunday,6.0,2024-07,Jul-2024
9185bac6-a885-4e94-a8b6-47fcd50cb6f9,652,798,Clothing,143.26,2,2025-02-20 14:59:58.897063,2025-02-27 14:59:58.897063,Shipped,Apple Pay,Desktop,Email,"4410 Theresa Coves, Lake Carolville, New Hampshire 52772",New,286.52,2025-02,2025,Thursday,7.0,2025-02,Feb-2025
9bcf46ac-db44-412d-bc4a-d0f0bc84ef2d,40,767,Clothing,276.89,3,2025-04-01 14:59:58.897063,2025-04-07 14:59:58.897063,Delivered,Debit Card,Tablet,Paid Search,"264 Kaiser Rapids, North Elizabeth, New Mexico 86845",VIP,830.67,2025-04,2025,Tuesday,6.0,2025-04,Apr-2025
a56eb490-5cd2-42c5-9b00-1a24c9ce10c7,485,479,Clothing,319.53,2,2024-09-27 14:59:58.897063,2024-10-04 14:59:58.897063,Delivered,PayPal,Tablet,Email,"70191 Melissa Gardens Apt. 901, Smithland, North Dakota 54961",New,639.06,2024-09,2024,Friday,7.0,2024-09,Sep-2024
31dc52c4-fe02-4b88-be40-ace117fa1618,2074,194,Books,26.67,3,2025-01-22 14:59:58.897063,2025-01-28 14:59:58.897063,Delivered,PayPal,Mobile,Email,"7959 Angela Mission Apt. 848, Ortizbury, Washington 70643",Returning,80.01,2025-01,2025,Wednesday,6.0,2025-01,Jan-2025
c5da7e90-c498-414a-b676-92b978007b98,1168,270,Toys,393.71,1,2025-02-05 14:59:58.897063,2025-02-07 14:59:58.897063,Shipped,Google Pay,Desktop,Paid Search,"76204 Dougherty Ramp, North Anna, Louisiana 61956",Returning,393.71,2025-02,2025,Wednesday,2.0,2025-02,Feb-2025
c8a90ced-b825-43bd-ad80-b5b968865556,1474,455,Electronics,338.75,1,2025-03-23 14:59:58.897063,2025-03-30 14:59:58.897063,Delivered,Apple Pay,Tablet,Organic,"1429 Jennifer Shore, East Kim, California 96507",Returning,338.75,2025-03,2025,Sunday,7.0,2025-03,Mar-2025
ba3d0a08-34d0-4971-b584-046a6e4b2378,130,720,Home,405.04,1,2024-07-07 14:59:58.897063,2024-07-12 14:59:58.897063,Delivered,Google Pay,Desktop,Email,"31301 Rhodes Isle, West Erikville, Texas 99641",VIP,405.04,2024-07,2024,Sunday,5.0,2024-07,Jul-2024
1bd93491-a100-44f8-a977-95737b187b7d,1291,618,Beauty,326.57,1,2024-06-10 14:59:58.897063,2024-06-16 14:59:58.897063,Delivered,Google Pay,Desktop,Social,"614 Regina Corner Apt. 129, Thompsonchester, Washington 07618",Returning,326.57,2024-06,2024,Monday,6.0,2024-06,Jun-2024
12562b48-0869-45f7-8062-a2390a6ef162,538,600,Clothing,8.76,2,2024-11-21 14:59:58.897063,2024-11-26 14:59:58.897063,Delivered,Credit Card,Desktop,Social,"652 Smith Ramp, Ashleyland, Vermont 68657",VIP,17.52,2024-11,2024,Thursday,5.0,2024-11,Nov-2024
47bfd7f8-31a9-4a9e-9606-eeb33526af15,175,784,Books,404.19,1,2025-02-28 14:59:58.897063,2025-03-04 14:59:58.897063,Delivered,Google Pay,Mobile,Email,"37944 Morris Hills Suite 310, Lake Thomas, Missouri 28072",VIP,404.19,2025-02,2025,Friday,4.0,2025-02,Feb-2025
b2b43bd4-2901-4545-916b-431550e06028,1,154,Beauty,161.06,2,2024-11-04 14:59:58.897063,2024-11-05 14:59:58.897063,Delivered,Debit Card,Desktop,Email,"17493 Dixon Streets, Haynesside, South Carolina 29585",VIP,322.12,2024-11,2024,Monday,1.0,2024-11,Nov-2024
893f8faa-f677-4409-950e-fe59ae1ca035,2417,111,Clothing,72.06,3,2025-04-12 14:59:58.897063,2025-04-14 14:59:58.897063,Delivered,Debit Card,Tablet,Social,"89679 Harrington Ville Apt. 415, Lake Johnbury, California 97857",Returning,216.18,2025-04,2025,Saturday,2.0,2025-04,Apr-2025
47d4d8a8-1f5e-4286-9d6e-c05b94f12739,104,85,Clothing,287.81,1,2024-07-03 14:59:58.897063,2024-07-06 14:59:58.897063,Delivered,Apple Pay,Mobile,Organic,"1905 Oscar Forks Suite 769, Richardview, Delaware 71132",VIP,287.81,2024-07,2024,Wednesday,3.0,2024-07,Jul-2024
05ed1d50-1655-4629-9f68-70c9826168c2,424,995,Beauty,269.35,3,2024-08-17 14:59:58.897063,2024-08-19 14:59:58.897063,Delivered,Credit Card,Desktop,Organic,"14076 Lee Knoll Suite 835, Wrightstad, Arkansas 86573",VIP,808.0500000000001,2024-08,2024,Saturday,2.0,2024-08,Aug-2024
82b83f4f-6600-461a-bd44-6c26b1ea0730,53,207,Clothing,127.75,5,2024-05-31 14:59:58.897063,2024-06-03 14:59:58.897063,Delivered,Apple Pay,Desktop,Organic,"4573 Thompson Land, Leachview, Hawaii 79221",VIP,638.75,2024-05,2024,Friday,3.0,2024-05,May-2024
b3fe3ad3-919e-4625-b39a-1b53faf856d3,82,2,Beauty,300.2,3,2024-10-29 14:59:58.897063,2024-10-30 14:59:58.897063,Delivered,Credit Card,Tablet,Paid Search,"327 Kevin Cove, Erinborough, North Dakota 43082",VIP,900.5999999999999,2024-10,2024,Tuesday,1.0,2024-10,Oct-2024
6fbecfc5-14ab-4de9-967d-70f338accc33,2177,21,Clothing,432.38,1,2024-11-10 14:59:58.897063,2024-11-14 14:59:58.897063,Delivered,Debit Card,Mobile,Organic,"539 Mcdonald Point Apt. 067, Friedmanport, Minnesota 06624",Returning,432.38,2024-11,2024,Sunday,4.0,2024-11,Nov-2024
648c9e73-a2dc-46bd-8281-1d1c8fc9f876,70,677,Clothing,116.95,1,2024-10-12 14:59:58.897063,2024-10-19 14:59:58.897063,Delivered,Debit Card,Mobile,Paid Search,"37432 Robert Club Apt. 628, South Brenda, Mississippi 80504",VIP,116.95,2024-10,2024,Saturday,7.0,2024-10,Oct-2024
0a868f16-f3be-4c12-b7d2-6618f50ee1e7,470,667,Home,151.23,1,2024-07-08 14:59:58.897063,2024-07-12 14:59:58.897063,Delivered,PayPal,Desktop,Paid Search,"96704 Andrew Tunnel Suite 655, Hoodville, Louisiana 39842",Returning,151.23,2024-07,2024,Monday,4.0,2024-07,Jul-2024
6650186d-6878-4e5d-9592-526dfe03ab79,981,536,Books,355.61,1,2025-01-28 14:59:58.897063,2025-02-03 14:59:58.897063,Delivered,Debit Card,Tablet,Paid Search,"999 Scott Mall Apt. 498, Garciaberg, Nevada 19793",VIP,355.61,2025-01,2025,Tuesday,6.0,2025-01,Jan-2025
2da0d5f6-dec0-4e93-9009-72361b3ed3d3,711,408,Beauty,65.64,2,2025-04-03 14:59:58.897063,2025-04-08 14:59:58.897063,Delivered,Debit Card,Mobile,Paid Search,"1298 Li Streets, Powellchester, Montana 27698",VIP,131.28,2025-04,2025,Thursday,5.0,2025-04,Apr-2025
91f38ff2-4376-4837-9b7c-41f809952219,2256,878,Home,497.34,1,2025-01-16 14:59:58.897063,2025-01-18 14:59:58.897063,Delivered,Credit Card,Desktop,Organic,"30208 Kurt Coves Suite 389, Woodsland, Utah 00635",Returning,497.34,2025-01,2025,Thursday,2.0,2025-01,Jan-2025
ceb57b6a-8e21-4796-8bb4-0453e9197d8d,195,198,Electronics,269.35,3,2024-08-15 14:59:58.897063,2024-08-16 14:59:58.897063,Shipped,PayPal,Desktop,Social,"0360 Mason Expressway Apt. 349, Robinberg, South Dakota 66575",VIP,808.0500000000001,2024-08,2024,Thursday,1.0,2024-08,Aug-2024
2f10bfa2-7c88-438a-b191-878496abca67,1723,736,Books,73.79,1,2025-03-28 14:59:58.897063,2025-03-31 14:59:58.897063,Delivered,Credit Card,Mobile,Social,"48977 Robin Stream Apt. 764, North Anthonyshire, Wisconsin 57747",Returning,73.79,2025-03,2025,Friday,3.0,2025-03,Mar-2025
bac0d921-2548-4624-8327-19c55b3dee65,2061,895,Clothing,157.2,4,2024-08-10 14:59:58.897063,2024-08-16 14:59:58.897063,Shipped,PayPal,Desktop,Social,"7192 Kathleen Falls, Millsland, West Virginia 58287",Returning,628.8,2024-08,2024,Saturday,6.0,2024-08,Aug-2024
60a5c84c-46ad-4564-9902-454860ba6528,1068,894,Home,367.45,1,2024-08-27 14:59:58.897063,2024-08-31 14:59:58.897063,Delivered,Debit Card,Desktop,Social,"8408 Natalie Lodge, Ayalafurt, North Dakota 51299",Returning,367.45,2024-08,2024,Tuesday,4.0,2024-08,Aug-2024
02791025-0e7f-4aa7-911d-3b3fc3951c75,84,421,Electronics,369.94,1,2025-03-15 14:59:58.897063,2025-03-19 14:59:58.897063,Shipped,Apple Pay,Tablet,Paid Search,"61508 Jones Squares Apt. 153, Bauershire, Mississippi 71886",VIP,369.94,2025-03,2025,Saturday,4.0,2025-03,Mar-2025
79e89dff-99fa-49fc-a0b1-de7098ece2be,1170,231,Home,435.48,2,2024-05-13 14:59:58.897063,2024-05-18 14:59:58.897063,Returned,PayPal,Desktop,Paid Search,"37737 Foster Squares, Lake Samuel, New Hampshire 51130",New,870.96,2024-05,2024,Monday,5.0,2024-05,May-2024
fc8e738c-6832-460a-a9a5-c3528611b1b9,298,589,Home,309.5,1,2024-07-16 14:59:58.897063,2024-07-18 14:59:58.897063,Delivered,PayPal,Tablet,Social,"8393 Jose Plains Apt. 171, Donaldsonburgh, New Hampshire 22912",VIP,309.5,2024-07,2024,Tuesday,2.0,2024-07,Jul-2024
3acf37e9-3a48-4eb4-8d65-1caa6b55f69d,3,666,Home,345.18,3,2024-06-03 14:59:58.897063,2024-06-07 14:59:58.897063,Delivered,Credit Card,Tablet,Social,"454 Lucas Crescent Suite 088, East Gina, Mississippi 95343",VIP,1035.54,2024-06,2024,Monday,4.0,2024-06,Jun-2024
a627598e-707f-41b8-b6b9-2384c4f4fc36,513,336,Beauty,397.97,4,2025-03-23 14:59:58.897063,2025-03-27 14:59:58.897063,Delivered,Apple Pay,Mobile,Email,"661 Butler Plains Apt. 105, Aprilland, Kansas 35625",VIP,1591.88,2025-03,2025,Sunday,4.0,2025-03,Mar-2025
efd8f958-1e48-41d6-a25b-8cdee516d489,2502,32,Toys,13.02,2,2024-06-20 14:59:58.897063,2024-06-27 14:59:58.897063,Returned,Google Pay,Desktop,Email,"39961 Johnson Bypass Apt. 828, Lake Patricia, Arizona 81773",New,26.04,2024-06,2024,Thursday,7.0,2024-06,Jun-2024
e56624dc-21bd-4c11-8471-35ce3da9b7b0,297,521,Beauty,239.88,2,2024-11-28 14:59:58.897063,2024-12-04 14:59:58.897063,Delivered,PayPal,Mobile,Email,"39757 Elizabeth Village, South Tanyaville, Texas 90787",Returning,479.76,2024-11,2024,Thursday,6.0,2024-11,Nov-2024
546a901d-678a-40ee-a1bd-1e90330d2155,1854,862,Beauty,421.33,1,2025-02-19 14:59:58.897063,2025-02-24 14:59:58.897063,Delivered,Debit Card,Tablet,Organic,"30157 David Shoals Apt. 170, East Tannerberg, Texas 38911",Returning,421.33,2025-02,2025,Wednesday,5.0,2025-02,Feb-2025
eba6137e-2a75-4763-adc9-4b48c5672cb9,534,414,Electronics,41.21,2,2025-03-02 14:59:58.897063,2025-03-07 14:59:58.897063,Delivered,PayPal,Tablet,Organic,"7155 Christina Turnpike Suite 538, North Nancymouth, Kansas 05755",Returning,82.42,2025-03,2025,Sunday,5.0,2025-03,Mar-2025
215f76c8-de00-4340-9503-34308755647f,105,945,Toys,307.39,2,2025-01-29 14:59:58.897063,2025-02-04 14:59:58.897063,Delivered,PayPal,Mobile,Social,"20152 Derrick Plains Apt. 991, Lynchmouth, Oklahoma 81483",VIP,614.78,2025-01,2025,Wednesday,6.0,2025-01,Jan-2025
70414c9a-eebc-4ebd-bc3f-420bf8a041da,1,310,Books,355.63,1,2024-12-15 14:59:58.897063,2024-12-21 14:59:58.897063,Delivered,Credit Card,Mobile,Paid Search,"833 Lawson Parkways Suite 015, East Mary, Oregon 14085",VIP,355.63,2024-12,2024,Sunday,6.0,2024-12,Dec-2024
057c7a2b-28f4-4772-ac6c-53556dbf5ef3,1219,951,Beauty,94.32,2,2025-03-17 14:59:58.897063,2025-03-22 14:59:58.897063,Delivered,PayPal,Desktop,Email,"22796 Alicia Ridge, Thompsontown, Colorado 09072",VIP,188.64,2025-03,2025,Monday,5.0,2025-03,Mar-2025
659b679e-a086-4b79-af04-ca20caffd2fe,1448,492,Beauty,329.45,6,2024-10-16 14:59:58.897063,2024-10-22 14:59:58.897063,Delivered,Credit Card,Desktop,Paid Search,"1393 Lindsey Plains Apt. 935, Port Sonyatown, Connecticut 86512",New,1976.6999999999998,2024-10,2024,Wednesday,6.0,2024-10,Oct-2024
25b02a14-13d0-4c4f-83bd-f0f734fcf37f,107,121,Beauty,24.83,2,2024-05-18 14:59:58.897063,2024-05-22 14:59:58.897063,Delivered,Debit Card,Tablet,Email,"287 Robert Ville Suite 378, Stonefort, Vermont 97256",VIP,49.66,2024-05,2024,Saturday,4.0,2024-05,May-2024
b2232d4e-24b8-4143-8e7f-e48dd4c03385,134,961,Home,480.11,1,2024-12-10 14:59:58.897063,2024-12-16 14:59:58.897063,Pending,Credit Card,Mobile,Paid Search,"65837 Dana Ways, North Heatherton, Minnesota 46713",VIP,480.11,2024-12,2024,Tuesday,6.0,2024-12,Dec-2024
9609fee8-91a3-4d9a-96b8-ca45fbd9579d,2692,401,Electronics,78.21,2,2025-02-22 14:59:58.897063,2025-02-23 14:59:58.897063,Shipped,Google Pay,Desktop,Organic,"8589 Moore Hills Apt. 402, New Katherine, Nevada 48156",Returning,156.42,2025-02,2025,Saturday,1.0,2025-02,Feb-2025
4d6d50f8-f703-4d2c-9dc5-e0480cfd33fa,2862,672,Clothing,76.36,1,2024-11-07 14:59:58.897063,2024-11-14 14:59:58.897063,Delivered,Apple Pay,Desktop,Organic,"862 Walker Highway Suite 356, Cherylshire, Montana 93143",Returning,76.36,2024-11,2024,Thursday,7.0,2024-11,Nov-2024
0809ce0f-61cb-4724-b6d9-69f1b6af52bd,914,29,Home,6.33,1,2025-03-16 14:59:58.897063,2025-03-17 14:59:58.897063,Delivered,Apple Pay,Tablet,Organic,"141 Roberts Spring, Bryantchester, Alabama 57608",Returning,6.33,2025-03,2025,Sunday,1.0,2025-03,Mar-2025
fae70f18-5743-4daf-bdb9-d6369c3f2386,2476,294,Beauty,181.91,1,2024-12-26 14:59:58.897063,2024-12-30 14:59:58.897063,Returned,Google Pay,Mobile,Organic,"85820 Marshall Field, South Jennifer, Virginia 33571",Returning,181.91,2024-12,2024,Thursday,4.0,2024-12,Dec-2024
2e0ac11d-fbf7-4f7d-806d-abc6b43e34d8,803,637,Home,302.49,4,2025-01-22 14:59:58.897063,2025-01-23 14:59:58.897063,Delivered,Credit Card,Desktop,Social,"859 Marsh Square, Lake Haleychester, Alabama 29758",VIP,1209.96,2025-01,2025,Wednesday,1.0,2025-01,Jan-2025
87c7d9ed-0f4c-4f2d-9ec8-0c83be7bfe84,481,563,Clothing,473.4,1,2024-07-04 14:59:58.897063,2024-07-10 14:59:58.897063,Delivered,Google Pay,Desktop,Social,"605 Smith Drive Apt. 655, Jonesview, Alabama 86912",VIP,473.4,2024-07,2024,Thursday,6.0,2024-07,Jul-2024
f9801732-2530-4fc4-a684-461f6e3418f7,2108,373,Beauty,237.84,3,2025-01-01 14:59:58.897063,2025-01-06 14:59:58.897063,Delivered,Debit Card,Mobile,Organic,"074 Roman Stravenue, West Patricia, Maine 40380",Returning,713.52,2025-01,2025,Wednesday,5.0,2025-01,Jan-2025
3d8d8141-ed2b-4e25-8af4-09fe5322e601,177,402,Clothing,86.89,1,2024-12-15 14:59:58.897063,2024-12-21 14:59:58.897063,Delivered,Google Pay,Mobile,Organic,"026 Melendez Rest, Penningtonstad, Kansas 73526",VIP,86.89,2024-12,2024,Sunday,6.0,2024-12,Dec-2024
49f40f9d-3ea3-4485-8727-494bebb0ebe5,2888,832,Toys,112.1,1,2024-05-24 14:59:58.897063,2024-05-30 14:59:58.897063,Delivered,Debit Card,Tablet,Social,"387 Donald Motorway, Ellenhaven, Mississippi 81835",Returning,112.1,2024-05,2024,Friday,6.0,2024-05,May-2024
dbcabf2b-c940-4465-ae54-dfe239af35cc,1463,826,Toys,54.18,1,2024-07-19 14:59:58.897063,2024-07-22 14:59:58.897063,Shipped,Credit Card,Mobile,Paid Search,"7993 Valenzuela Springs Suite 312, East Yvonne, North Carolina 71865",VIP,54.18,2024-07,2024,Friday,3.0,2024-07,Jul-2024
126d607e-05cb-4710-974f-30675404b45d,1924,652,Toys,109.34,1,2024-10-20 14:59:58.897063,2024-10-24 14:59:58.897063,Delivered,Credit Card,Desktop,Organic,"010 Hill Springs, Michellemouth, New Mexico 64637",Returning,109.34,2024-10,2024,Sunday,4.0,2024-10,Oct-2024
545aed6c-594d-4f9a-8af5-0dcd17596922,2690,243,Books,391.67,1,2025-04-19 14:59:58.897063,2025-04-25 14:59:58.897063,Delivered,PayPal,Desktop,Paid Search,"73358 Robertson View, East Arieltown, New Hampshire 13606",Returning,391.67,2025-04,2025,Saturday,6.0,2025-04,Apr-2025
a99500e1-18b4-4e15-ba3a-08bc6dc2df50,29,940,Home,237.41,5,2024-07-08 14:59:58.897063,2024-07-10 14:59:58.897063,Shipped,Credit Card,Tablet,Paid Search,"544 Annette Shoals, Port Beth, Rhode Island 33812",VIP,1187.05,2024-07,2024,Monday,2.0,2024-07,Jul-2024
192e8e95-6217-40b6-826f-d84451a40872,44,132,Toys,27.8,2,2024-10-13 14:59:58.897063,2024-10-18 14:59:58.897063,Delivered,Apple Pay,Desktop,Social,"597 Ellis Land Suite 878, Jaredmouth, Washington 68781",VIP,55.6,2024-10,2024,Sunday,5.0,2024-10,Oct-2024
ceded792-e8df-4486-9005-d95e622beb6a,274,55,Home,216.97,1,2024-04-27 14:59:58.897063,2024-05-01 14:59:58.897063,Delivered,Debit Card,Tablet,Paid Search,"996 Turner Ferry Suite 958, Floydport, North Carolina 98852",VIP,216.97,2024-04,2024,Saturday,4.0,2024-04,Apr-2024
2bb4001c-4ce8-4a8f-ace8-526e40c1a20d,23,588,Books,380.37,2,2024-12-10 14:59:58.897063,2024-12-17 14:59:58.897063,Delivered,Apple Pay,Desktop,Email,"184 Cooper Crossing, Sherrymouth, Idaho 33468",VIP,760.74,2024-12,2024,Tuesday,7.0,2024-12,Dec-2024
468a8ce6-cd7a-4297-a0bd-abe4a0091876,16,318,Toys,471.76,2,2025-03-16 14:59:58.897063,2025-03-19 14:59:58.897063,Delivered,Credit Card,Mobile,Organic,"4223 Thompson Plains, Dwaynetown, Iowa 66668",VIP,943.52,2025-03,2025,Sunday,3.0,2025-03,Mar-2025
7175f55b-f1c2-4397-b0cd-2d3bcb15d748,1760,794,Toys,167.85,1,2024-08-12 14:59:58.897063,2024-08-15 14:59:58.897063,Delivered,Credit Card,Tablet,Paid Search,"628 Alicia Summit Suite 496, Craigview, Illinois 96979",Returning,167.85,2024-08,2024,Monday,3.0,2024-08,Aug-2024
3d6c0bba-2e99-4ea5-a713-e5572396321b,1154,112,Beauty,256.8,1,2024-07-03 14:59:58.897063,2024-07-04 14:59:58.897063,Delivered,Credit Card,Desktop,Email,"8016 Gonzalez Turnpike, New Danielle, Nebraska 70004",Returning,256.8,2024-07,2024,Wednesday,1.0,2024-07,Jul-2024
7e3a5c5e-cfa7-4b5b-9361-09e854f3220c,775,232,Books,428.96,1,2025-01-13 14:59:58.897063,2025-01-19 14:59:58.897063,Delivered,Debit Card,Mobile,Organic,"2080 Bright Flat, East Williamfort, South Dakota 40163",New,428.96,2025-01,2025,Monday,6.0,2025-01,Jan-2025
343859b5-1444-4c5e-b8da-50915b2b1de2,2614,685,Beauty,441.09,3,2024-08-12 14:59:58.897063,2024-08-14 14:59:58.897063,Delivered,Credit Card,Desktop,Social,"4271 Carroll Parkways Suite 775, Chenmouth, North Dakota 42824",Returning,1323.27,2024-08,2024,Monday,2.0,2024-08,Aug-2024
b929f430-aea0-44f7-adcd-b579748f2ea4,116,162,Clothing,322.73,6,2024-10-20 14:59:58.897063,2024-10-21 14:59:58.897063,Shipped,Google Pay,Desktop,Email,"898 Katherine Mountains Apt. 478, South Marcuston, California 80379",VIP,2259.11,2024-10,2024,Sunday,1.0,2024-10,Oct-2024
cf0192e8-2148-48c8-9aab-9148cef15e4d,616,159,Home,40.87,1,2024-09-12 14:59:58.897063,2024-09-19 14:59:58.897063,Shipped,Google Pay,Desktop,Paid Search,"41828 Rebecca Unions Apt. 229, West Moniqueberg, Indiana 19862",VIP,40.87,2024-09,2024,Thursday,7.0,2024-09,Sep-2024
fddd3f62-a98a-4869-a06b-f4d6a79aedc7,2298,801,Electronics,345.57,5,2025-03-15 14:59:58.897063,2025-03-18 14:59:58.897063,Delivered,Credit Card,Tablet,Organic,"36240 Mcdaniel Flats, Sarafurt, California 40608",Returning,1727.85,2025-03,2025,Saturday,3.0,2025-03,Mar-2025
956ec032-efb3-48e3-8fd3-d4a4a71a1efa,2340,600,Electronics,451.44,1,2024-10-16 14:59:58.897063,2024-10-22 14:59:58.897063,Delivered,PayPal,Mobile,Email,"5932 Butler Dam Apt. 982, Valenciafort, Nebraska 87136",Returning,451.44,2024-10,2024,Wednesday,6.0,2024-10,Oct-2024
abc85f58-da3e-4c9c-a2eb-d380e5f0e5b8,1,616,Toys,23.7,1,2024-09-13 14:59:58.897063,2024-09-20 14:59:58.897063,Pending,Credit Card,Tablet,Email,"448 Watson Lodge Suite 077, Jasonton, Delaware 96528",VIP,23.7,2024-09,2024,Friday,7.0,2024-09,Sep-2024
e529b93c-7ca4-49ce-877f-229f7d28cad8,930,278,Electronics,190.51,2,2024-11-23 14:59:58.897063,2024-11-25 14:59:58.897063,Delivered,PayPal,Tablet,Email,"827 Thompson Green Apt. 135, West Robert, Louisiana 33610",VIP,381.02,2024-11,2024,Saturday,2.0,2024-11,Nov-2024
57926ea9-4946-4719-92fe-73a9dacbd5c9,1222,855,Books,246.26,3,2025-03-09 14:59:58.897063,2025-03-13 14:59:58.897063,Returned,Credit Card,Mobile,Social,"5380 Brewer Loaf Suite 117, Melissaview, Florida 65726",Returning,738.78,2025-03,2025,Sunday,4.0,2025-03,Mar-2025
3def4a49-0f26-4f62-a1e4-8b880b783eb2,1737,533,Beauty,340.44,2,2024-12-05 14:59:58.897063,2024-12-08 14:59:58.897063,Delivered,Apple Pay,Mobile,Social,"357 Mayo Port, Janethaven, Alabama 06296",VIP,680.88,2024-12,2024,Thursday,3.0,2024-12,Dec-2024
3cc5659d-708a-4c77-a40b-5941e2f54e6c,2754,360,Beauty,278.76,1,2024-09-15 14:59:58.897063,2024-09-22 14:59:58.897063,Delivered,PayPal,Mobile,Social,"896 Briggs Port Apt. 937, Port Brandifurt, New Jersey 02661",VIP,278.76,2024-09,2024,Sunday,7.0,2024-09,Sep-2024
10616c6f-d58e-470e-867e-e909cd515a4c,516,277,Toys,198.41,2,2025-02-10 14:59:58.897063,2025-02-13 14:59:58.897063,Delivered,Debit Card,Mobile,Social,"92624 Faith Trail Suite 318, South Brian, Minnesota 88721",VIP,396.82,2025-02,2025,Monday,3.0,2025-02,Feb-2025
512f13a5-a861-4cac-8a53-e3f0a704b14f,1188,865,Toys,37.05,5,2024-12-01 14:59:58.897063,2024-12-02 14:59:58.897063,Shipped,PayPal,Tablet,Social,"90408 Taylor Street, Longburgh, Wisconsin 67364",Returning,185.25,2024-12,2024,Sunday,1.0,2024-12,Dec-2024
b9025f8d-8fba-4616-ab3f-51efd3ad3587,2547,555,Toys,434.24,2,2025-03-17 14:59:58.897063,2025-03-18 14:59:58.897063,Delivered,PayPal,Desktop,Social,"2776 Lang Track, Roberthaven, Nevada 54553",Returning,868.48,2025-03,2025,Monday,1.0,2025-03,Mar-2025
922505bb-8f50-4957-8f60-6fba8ce69c6c,1224,100,Electronics,475.6,1,2024-07-06 14:59:58.897063,2024-07-10 14:59:58.897063,Delivered,PayPal,Mobile,Social,"623 Brown Way, Pamelaborough, South Dakota 77652",Returning,475.6,2024-07,2024,Saturday,4.0,2024-07,Jul-2024
e20a359b-808f-418b-918c-cb87305b61a1,767,228,Toys,469.27,1,2025-02-21 14:59:58.897063,2025-02-25 14:59:58.897063,Delivered,Apple Pay,Tablet,Social,"6585 Donovan Heights, North Kathy, Illinois 59221",Returning,469.27,2025-02,2025,Friday,4.0,2025-02,Feb-2025
483c517a-39cd-4da7-8eda-ff2d9c5d7a5e,1094,754,Books,302.03,1,2024-10-31 14:59:58.897063,2024-11-06 14:59:58.897063,Shipped,Debit Card,Tablet,Organic,"8308 Stewart Fords, New Tonya, Utah 79062",Returning,302.03,2024-10,2024,Thursday,6.0,2024-10,Oct-2024
724475e1-b764-4747-947f-2936e054db06,1,866,Electronics,413.02,2,2024-10-08 14:59:58.897063,2024-10-13 14:59:58.897063,Delivered,Credit Card,Tablet,Social,"6170 Parsons Rue, Edwardsburgh, Arkansas 15852",VIP,826.04,2024-10,2024,Tuesday,5.0,2024-10,Oct-2024
fefd9b75-1570-4d58-b9e8-a77cefb659f6,1201,815,Books,235.87,1,2024-07-24 14:59:58.897063,2024-07-29 14:59:58.897063,Delivered,Debit Card,Mobile,Paid Search,"41904 Carl Square Apt. 862, Lake Williammouth, Mississippi 55998",VIP,235.87,2024-07,2024,Wednesday,5.0,2024-07,Jul-2024
c273bd73-7657-4263-bef3-f23dcacd9326,41,887,Books,225.58,2,2024-12-12 14:59:58.897063,2024-12-15 14:59:58.897063,Delivered,PayPal,Mobile,Email,"049 Martinez Mills, Lake Craig, Colorado 35149",VIP,451.16,2024-12,2024,Thursday,3.0,2024-12,Dec-2024
043144d2-0b15-432d-92fc-4f7dc19649c4,895,700,Home,474.99,2,2024-06-08 14:59:58.897063,2024-06-15 14:59:58.897063,Delivered,Debit Card,Tablet,Social,"4914 Brown Hill, Rodneyfort, Connecticut 27822",VIP,949.98,2024-06,2024,Saturday,7.0,2024-06,Jun-2024
6a357835-a3cf-4a89-92c3-92b6c3a6af4e,5,562,Beauty,408.73,2,2024-10-11 14:59:58.897063,2024-10-12 14:59:58.897063,Delivered,Google Pay,Mobile,Social,"511 Samuel Plains, West Michael, Rhode Island 04966",VIP,817.46,2024-10,2024,Friday,1.0,2024-10,Oct-2024
5e76d159-9f5e-4176-8f5b-4d55d94837af,2649,806,Electronics,255.01,2,2025-02-11 14:59:58.897063,2025-02-14 14:59:58.897063,Returned,PayPal,Desktop,Paid Search,"56785 Carla Trail Suite 382, Jenniferbury, New Mexico 91603",Returning,510.02,2025-02,2025,Tuesday,3.0,2025-02,Feb-2025
fd2b032d-8a3b-4778-ac54-9f44c15af2bb,2055,868,Toys,410.45,3,2024-06-29 14:59:58.897063,2024-07-02 14:59:58.897063,Delivered,Debit Card,Mobile,Organic,"97967 Gibbs Lights Apt. 918, East Carmenton, New York 38554",Returning,1231.35,2024-06,2024,Saturday,3.0,2024-06,Jun-2024
742dba22-4a75-416a-8609-171052bb3b5c,614,749,Clothing,57.9,2,2024-12-28 14:59:58.897063,2024-12-30 14:59:58.897063,Delivered,Credit Card,Tablet,Paid Search,"9566 Manning Way Suite 852, New Bethborough, New Jersey 21693",VIP,115.8,2024-12,2024,Saturday,2.0,2024-12,Dec-2024
bc813b9b-d9ae-407f-b60c-8c7f3ac45f41,76,41,Home,179.12,2,2025-02-10 14:59:58.897063,2025-02-12 14:59:58.897063,Delivered,Google Pay,Tablet,Email,"4798 Miller Walk Apt. 594, East Amanda, Missouri 91513",VIP,358.24,2025-02,2025,Monday,2.0,2025-02,Feb-2025
43984ce3-a63d-40c9-a501-bc01113093d5,1147,514,Electronics,470.09,2,2025-01-19 14:59:58.897063,2025-01-20 14:59:58.897063,Delivered,Credit Card,Desktop,Organic,"27670 Robbins Unions, New Edwardbury, Wyoming 26477",VIP,940.18,2025-01,2025,Sunday,1.0,2025-01,Jan-2025
bd25c440-f812-45ee-ad7b-06a3bfd00702,335,543,Beauty,31.5,1,2024-10-27 14:59:58.897063,2024-10-29 14:59:58.897063,Shipped,PayPal,Desktop,Organic,"0746 Chan Village Suite 767, Hannahborough, California 28859",VIP,31.5,2024-10,2024,Sunday,2.0,2024-10,Oct-2024
aaa5adcc-5c66-4dbe-849e-5ec7fb3864bc,138,535,Clothing,182.75,1,2024-10-29 14:59:58.897063,2024-11-01 14:59:58.897063,Delivered,Google Pay,Mobile,Social,"87600 Jones Fields, Lake Bradley, Arizona 00862",VIP,182.75,2024-10,2024,Tuesday,3.0,2024-10,Oct-2024
f5054917-6be0-4d9d-b06b-fda383a8a5a2,1401,974,Clothing,427.7,5,2025-02-17 14:59:58.897063,2025-02-23 14:59:58.897063,Delivered,Debit Card,Tablet,Organic,"19178 Isabella Oval Apt. 481, Dennisbury, South Dakota 04753",Returning,2138.5,2025-02,2025,Monday,6.0,2025-02,Feb-2025
da550985-684a-4c26-a706-5d46e909cefe,186,100,Clothing,111.48,3,2024-12-05 14:59:58.897063,2024-12-06 14:59:58.897063,Delivered,Apple Pay,Mobile,Email,"24534 Morales Wall Suite 919, Christianland, South Carolina 25382",VIP,334.44,2024-12,2024,Thursday,1.0,2024-12,Dec-2024
1cd69c5c-f9ac-4ee5-b9e3-90a1522f255f,80,706,Beauty,294.74,3,2025-02-22 14:59:58.897063,2025-02-25 14:59:58.897063,Delivered,Credit Card,Tablet,Email,"4809 Short Camp Apt. 332, New Joeport, Pennsylvania 54934",VIP,884.22,2025-02,2025,Saturday,3.0,2025-02,Feb-2025
e2ec2ecd-36c5-48fb-964d-ce1b6b3ce0ed,558,455,Electronics,365.97,2,2024-06-28 14:59:58.897063,2024-07-01 14:59:58.897063,Shipped,Credit Card,Tablet,Social,"31731 Murray Green Apt. 894, Loriland, New York 61436",VIP,731.94,2024-06,2024,Friday,3.0,2024-06,Jun-2024
a30bfe37-7ef5-476b-a7f5-3a3c58629ba3,1999,84,Beauty,317.36,1,2024-09-10 14:59:58.897063,2024-09-15 14:59:58.897063,Delivered,Credit Card,Desktop,Email,"86294 Foster Fall Suite 048, Kathleenport, Oregon 68702",VIP,317.36,2024-09,2024,Tuesday,5.0,2024-09,Sep-2024
c5c7d1f0-ec53-4cfc-a9c4-907bb7bd5b7d,1051,862,Books,273.43,1,2024-09-25 14:59:58.897063,2024-09-28 14:59:58.897063,Delivered,Google Pay,Desktop,Social,"39063 Higgins Dam, Kristenborough, California 88186",Returning,273.43,2024-09,2024,Wednesday,3.0,2024-09,Sep-2024
bae6694c-c07b-455e-ae79-6a69d211e6a6,2335,144,Electronics,389.48,3,2025-03-20 14:59:58.897063,2025-03-22 14:59:58.897063,Delivered,Debit Card,Mobile,Organic,"65248 Evans Way, South Kevin, South Carolina 00612",New,1168.44,2025-03,2025,Thursday,2.0,2025-03,Mar-2025
49e364f5-de43-4398-bb12-63fb8eaee01c,2053,392,Clothing,402.25,2,2025-04-15 14:59:58.897063,2025-04-18 14:59:58.897063,Pending,Debit Card,Desktop,Social,"41394 Andrew Plain, East Natasha, Missouri 41564",Returning,804.5,2025-04,2025,Tuesday,3.0,2025-04,Apr-2025
c148cad3-69d9-488a-a672-c792ed8959f1,1963,468,Books,269.35,2,2024-09-24 14:59:58.897063,2024-10-01 14:59:58.897063,Delivered,Apple Pay,Tablet,Paid Search,"58897 Dickerson Drive Apt. 472, South Jesseshire, North Dakota 31145",Returning,538.7,2024-09,2024,Tuesday,7.0,2024-09,Sep-2024
97e31b97-2b00-4d85-a155-31da5b597d59,408,82,Electronics,417.57,3,2025-01-13 14:59:58.897063,2025-01-19 14:59:58.897063,Delivered,Apple Pay,Tablet,Social,"331 Craig Fork, Lake Andrew, South Dakota 03344",VIP,1252.71,2025-01,2025,Monday,6.0,2025-01,Jan-2025
9f281669-1dea-49ff-bd57-0e0a98986e86,2921,955,Toys,197.4,4,2024-09-04 14:59:58.897063,2024-09-07 14:59:58.897063,Delivered,PayPal,Desktop,Organic,"99034 Sherman Pines Apt. 092, Port Frank, Nebraska 44499",Returning,789.6,2024-09,2024,Wednesday,3.0,2024-09,Sep-2024
705e8a79-19ec-4d5d-9b0b-4274dee498ec,2645,873,Electronics,236.82,5,2025-03-09 14:59:58.897063,2025-03-11 14:59:58.897063,Delivered,Apple Pay,Tablet,Paid Search,"5727 Bell Meadow, North Brittany, Alaska 96518",Returning,1184.1,2025-03,2025,Sunday,2.0,2025-03,Mar-2025
c58d846f-55ab-4012-b638-6b7f50f73b46,1,290,Toys,404.28,1,2024-10-01 14:59:58.897063,2024-10-04 14:59:58.897063,Shipped,PayPal,Desktop,Paid Search,"739 Emily Center Suite 295, Port Gary, Minnesota 57292",VIP,404.28,2024-10,2024,Tuesday,3.0,2024-10,Oct-2024
40aeee0e-b39d-460d-ad25-ed16322a255c,526,82,Toys,98.78,1,2024-08-04 14:59:58.897063,2024-08-05 14:59:58.897063,Shipped,Apple Pay,Desktop,Social,"7678 Valentine Junctions Apt. 790, Navarrobury, Utah 65870",Returning,98.78,2024-08,2024,Sunday,1.0,2024-08,Aug-2024
4e4b72bb-7cdc-44e4-b049-1f72962f0719,24,597,Books,258.37,2,2024-06-29 14:59:58.897063,2024-07-01 14:59:58.897063,Shipped,Google Pay,Mobile,Paid Search,"72205 Christina Plaza Suite 289, Johnsonfort, New York 89691",VIP,516.74,2024-06,2024,Saturday,2.0,2024-06,Jun-2024
0c3ac098-2acf-4bf5-bb73-f7207a6c63ad,8,245,Books,261.45,1,2024-04-28 14:59:58.897063,2024-05-05 14:59:58.897063,Delivered,Google Pay,Desktop,Organic,"9148 Lori Coves, Lake Raymond, Rhode Island 02882",VIP,261.45,2024-04,2024,Sunday,7.0,2024-04,Apr-2024
a12e48a6-daf8-4982-a55a-3f74df2f933d,154,565,Home,252.72,1,2025-04-17 14:59:58.897063,2025-04-24 14:59:58.897063,Delivered,Debit Card,Mobile,Organic,"158 Daniel Plains, West Amanda, Colorado 20528",VIP,252.72,2025-04,2025,Thursday,7.0,2025-04,Apr-2025
33a08377-5223-4055-bb89-c67b12f0cae4,121,179,Toys,12.87,2,2024-06-28 14:59:58.897063,2024-06-29 14:59:58.897063,Delivered,PayPal,Mobile,Email,"2594 Donna Course, Ginaport, Michigan 70494",VIP,25.74,2024-06,2024,Friday,1.0,2024-06,Jun-2024
0d38f5c7-a3db-4118-b0bf-12ddaa6676ac,1,326,Books,80.98,1,2025-03-10 14:59:58.897063,2025-03-11 14:59:58.897063,Delivered,Google Pay,Mobile,Social,"8882 Tracy Lodge, North Colin, New Mexico 37940",VIP,80.98,2025-03,2025,Monday,1.0,2025-03,Mar-2025
ca7dc5fe-6c3a-4483-b727-028f49db5167,909,716,Toys,452.88,3,2025-03-24 14:59:58.897063,2025-03-26 14:59:58.897063,Delivered,Google Pay,Desktop,Email,"389 Felicia Rapid Apt. 081, Jamesside, Oklahoma 67756",Returning,1358.6399999999999,2025-03,2025,Monday,2.0,2025-03,Mar-2025
c06e9c8b-c535-4737-adcb-1db6d9d37987,334,6,Beauty,230.92,1,2025-02-23 14:59:58.897063,2025-02-26 14:59:58.897063,Shipped,Debit Card,Mobile,Paid Search,"573 Jones River, Lake Crystal, Montana 51193",Returning,230.92,2025-02,2025,Sunday,3.0,2025-02,Feb-2025
183100c9-22d1-4785-9e50-bb4d064fb8ef,1472,762,Home,62.79,4,2024-05-21 14:59:58.897063,2024-05-26 14:59:58.897063,Delivered,Credit Card,Tablet,Email,"07063 Matthews Park, New Julie, New Jersey 95988",VIP,251.16,2024-05,2024,Tuesday,5.0,2024-05,May-2024
e820c5cd-9161-46f5-881d-06944abb9dae,1482,930,Beauty,470.26,2,2025-02-22 14:59:58.897063,2025-02-26 14:59:58.897063,Pending,Credit Card,Desktop,Social,"2325 Robert Drives, Taylorfort, Ohio 47446",Returning,940.52,2025-02,2025,Saturday,4.0,2025-02,Feb-2025
5e04114d-a664-40c8-908a-d8b44dda7ba5,1,335,Toys,474.43,1,2025-04-07 14:59:58.897063,2025-04-12 14:59:58.897063,Delivered,Apple Pay,Desktop,Email,"98787 Hudson Field Suite 431, Lake Nicholasport, Montana 42188",VIP,474.43,2025-04,2025,Monday,5.0,2025-04,Apr-2025
98ab20bc-4653-40f1-9450-7da44846b654,2805,334,Books,24.25,4,2024-07-14 14:59:58.897063,2024-07-16 14:59:58.897063,Returned,PayPal,Mobile,Paid Search,"4783 Lisa Valley Suite 464, Lake Randall, Louisiana 39306",Returning,97.0,2024-07,2024,Sunday,2.0,2024-07,Jul-2024
8b0ca767-8bce-4209-b5b2-773e653755ca,374,563,Books,341.09,1,2024-12-09 14:59:58.897063,2024-12-15 14:59:58.897063,Pending,Google Pay,Tablet,Email,"9917 Harold Place, Brianside, Kentucky 81529",Returning,341.09,2024-12,2024,Monday,6.0,2024-12,Dec-2024
78e5b442-5640-4bec-9b3c-cfe43dfc0e34,2786,973,Home,169.63,3,2025-03-20 14:59:58.897063,2025-03-24 14:59:58.897063,Delivered,Apple Pay,Mobile,Social,"315 Myers Via Apt. 554, South Tylermouth, Connecticut 14289",Returning,508.89,2025-03,2025,Thursday,4.0,2025-03,Mar-2025
cff1fde1-2731-4f68-a082-b8631922c844,1145,673,Clothing,466.13,1,2024-10-23 14:59:58.897063,2024-10-25 14:59:58.897063,Delivered,Google Pay,Desktop,Paid Search,"2301 Martin Plains, Marybury, Kansas 63565",VIP,466.13,2024-10,2024,Wednesday,2.0,2024-10,Oct-2024
9bba175f-a46b-4923-a95e-c99556b76775,2120,597,Home,401.38,4,2024-11-28 14:59:58.897063,2024-12-04 14:59:58.897063,Delivered,Credit Card,Mobile,Social,"717 Sullivan Views Apt. 930, Harperberg, Rhode Island 97052",Returning,1605.52,2024-11,2024,Thursday,6.0,2024-11,Nov-2024
4bd95e4c-b076-4d64-b0cc-7cdf8d2e4909,961,43,Beauty,230.09,4,2024-11-28 14:59:58.897063,2024-12-03 14:59:58.897063,Delivered,PayPal,Desktop,Organic,"914 Jessica Corner, Alexandramouth, Tennessee 66854",Returning,920.36,2024-11,2024,Thursday,5.0,2024-11,Nov-2024
b9f35a50-4925-4567-93d1-1e641fd694a1,1613,434,Electronics,178.62,1,2024-05-27 14:59:58.897063,2024-05-28 14:59:58.897063,Returned,PayPal,Tablet,Email,"476 Christy Island, New Janetfurt, New Mexico 37058",Returning,178.62,2024-05,2024,Monday,1.0,2024-05,May-2024
d23c505e-b3bc-4479-9277-cd7f1c753fee,254,440,Electronics,269.35,3,2025-04-02 14:59:58.897063,2025-04-03 14:59:58.897063,Delivered,Credit Card,Tablet,Social,"88303 Long Estates, South Michaelview, Kansas 80966",VIP,808.0500000000001,2025-04,2025,Wednesday,1.0,2025-04,Apr-2025
4a54e18a-86fd-4644-9d4b-7136d4e2bebb,2508,471,Beauty,107.44,1,2024-11-25 14:59:58.897063,2024-11-30 14:59:58.897063,Pending,Google Pay,Tablet,Email,"0274 Mccarthy Ports, Stevenport, Delaware 14741",New,107.44,2024-11,2024,Monday,5.0,2024-11,Nov-2024
15f298c6-b8d2-482b-9ac9-bc054421e056,397,697,Clothing,267.07,2,2024-08-28 14:59:58.897063,2024-09-02 14:59:58.897063,Delivered,Debit Card,Mobile,Paid Search,"28899 Alejandro Shores Suite 941, Mooremouth, Wisconsin 55489",VIP,534.14,2024-08,2024,Wednesday,5.0,2024-08,Aug-2024
596a125e-64bd-4042-b7b0-5e6d261d0f58,427,321,Toys,145.3,2,2025-04-06 14:59:58.897063,2025-04-13 14:59:58.897063,Delivered,Apple Pay,Desktop,Organic,"6537 Joshua Freeway Suite 802, South Eric, Delaware 60330",Returning,290.6,2025-04,2025,Sunday,7.0,2025-04,Apr-2025
c506109b-f3d6-4606-9a06-6bb6691b0fdd,1138,738,Beauty,223.06,4,2024-12-10 14:59:58.897063,2024-12-15 14:59:58.897063,Delivered,Google Pay,Mobile,Social,"332 Mark Trail Apt. 768, South Molly, Texas 04727",Returning,892.24,2024-12,2024,Tuesday,5.0,2024-12,Dec-2024
7f448a9b-1dd2-49d6-bda0-e2ad73209abe,2191,936,Electronics,484.56,1,2025-01-12 14:59:58.897063,2025-01-13 14:59:58.897063,Shipped,Google Pay,Tablet,Social,"54119 Alvarez Skyway Apt. 565, Johnsonshire, Wyoming 86989",Returning,484.56,2025-01,2025,Sunday,1.0,2025-01,Jan-2025
2eba73f1-7946-4bdb-88ab-0dfd588c40ca,1,441,Beauty,67.86,4,2024-04-26 14:59:58.897063,2024-04-27 14:59:58.897063,Delivered,Debit Card,Mobile,Social,"9569 Crystal Lock, Whitneyside, Texas 79781",VIP,271.44,2024-04,2024,Friday,1.0,2024-04,Apr-2024
dc4a1384-2051-4447-ba6d-ea3e9a80b5ce,1443,4,Home,43.24,1,2024-11-03 14:59:58.897063,2024-11-10 14:59:58.897063,Delivered,Debit Card,Tablet,Email,"438 Santos Courts, South Michael, Louisiana 11999",Returning,43.24,2024-11,2024,Sunday,7.0,2024-11,Nov-2024
ea53607c-8b18-4075-9a47-58342030f25e,2043,176,Toys,39.43,1,2024-04-22 14:59:58.897063,2024-04-24 14:59:58.897063,Delivered,Apple Pay,Desktop,Organic,"08109 Angela Islands, Russellside, Arizona 86209",Returning,39.43,2024-04,2024,Monday,2.0,2024-04,Apr-2024
588f7a1b-6875-4c30-bb22-c67d41c4890d,641,167,Books,159.49,1,2025-03-12 14:59:58.897063,2025-03-17 14:59:58.897063,Delivered,Credit Card,Desktop,Organic,"757 Megan Turnpike, Andrewburgh, Maryland 64716",Returning,159.49,2025-03,2025,Wednesday,5.0,2025-03,Mar-2025
b16083c9-e4b2-439d-886b-a817e83843fc,158,166,Home,442.72,1,2024-08-03 14:59:58.897063,2024-08-07 14:59:58.897063,Delivered,Apple Pay,Mobile,Organic,"239 Mitchell Mills, Piercechester, North Dakota 35489",VIP,442.72,2024-08,2024,Saturday,4.0,2024-08,Aug-2024
308e3ac8-a55c-4be7-ab0c-d9d2454ce20d,38,563,Clothing,423.94,1,2025-04-13 14:59:58.897063,2025-04-15 14:59:58.897063,Shipped,PayPal,Mobile,Paid Search,"949 Jones Field Apt. 786, Samanthaview, Maryland 96385",VIP,423.94,2025-04,2025,Sunday,2.0,2025-04,Apr-2025
371b1a3d-8c82-4d79-a6f7-30f9aede432e,460,630,Beauty,291.17,2,2025-03-06 14:59:58.897063,2025-03-09 14:59:58.897063,Delivered,Google Pay,Mobile,Paid Search,"28249 Hartman Neck Apt. 763, New Brian, Delaware 51857",VIP,582.34,2025-03,2025,Thursday,3.0,2025-03,Mar-2025
